,0,1,2,3,4,5,6,7,8,9,10,11,12,13,14,15,16,17,18,19,20,21,22,23,24,25,26,27,28,29,30,31,32,33,34,35,36,37,38,39,40,41,42,43,44,45,46,47,48,49,50,51,52,53,54,55,56,57,58,59,60,61,62,63,64,65,66,67,68,69,70,71,72,73,74,75,76,77,78,79,80,81,82,83,84,85,86,87,88,89,90,91,92,93,94,95,96,97,98,99,100,101,102,103,104,105,106,107,108,109,110,111,112,113,114,115,116,117,118,119,120,121,122,123,124,125,126,127,128,129,130,131,132,133,134,135,136,137,138,139,140,141,142,143,144,145,146,147,148,149,150,151,152,153,154,155,156,157,158,159,160,161,162,163,164,165,166,167,168,169,170,171,172,173,174,175,176,177,178,179,180,181,182,183,184,185,186,187,188,189,190,191,192,193,194,195,196,197,198,199,200,201,202,203,204,205,206,207,208,209,210,211,212,213,214,215,216,217,218,219,220,221,222,223,224,225,226,227,228,229,230,231,232,233,234,235,236,237,238,239,240,241,242,243,244,245,246,247,248,249,250,251,252,253,254,255,256,257,258,259,260,261,262,263,264,265
Province/State,,,,,,,,,Australian Capital Territory,New South Wales,Northern Territory,Queensland,South Australia,Tasmania,Victoria,Western Australia,,,,,,,,,,,,,,,,,,,,Alberta,British Columbia,Grand Princess,Manitoba,New Brunswick,Newfoundland and Labrador,Nova Scotia,Ontario,Prince Edward Island,Quebec,Saskatchewan,,,,Anhui,Beijing,Chongqing,Fujian,Gansu,Guangdong,Guangxi,Guizhou,Hainan,Hebei,Heilongjiang,Henan,Hong Kong,Hubei,Hunan,Inner Mongolia,Jiangsu,Jiangxi,Jilin,Liaoning,Macau,Ningxia,Qinghai,Shaanxi,Shandong,Shanghai,Shanxi,Sichuan,Tianjin,Tibet,Xinjiang,Yunnan,Zhejiang,,,,,,,,,,,Faroe Islands,Greenland,,,,,,,,,,,,,,French Guiana,French Polynesia,Guadeloupe,Mayotte,New Caledonia,Reunion,Saint Barthelemy,St Martin,Martinique,,,,,,,,,,,,,,,,,,,,,,,,,,,,,,,,,,,,,,,,,,,,,,,,,,,Aruba,Curacao,Sint Maarten,,,,,,,,,,,,,,,,,,,,,,,,,,,,,,,,,,,,,,,,,,,,,,,,,Bermuda,Cayman Islands,Channel Islands,Gibraltar,Isle of Man,Montserrat,,,,,,,,,Diamond Princess,,,,,,,,,,,,,Northwest Territories,Yukon,,,Anguilla,British Virgin Islands,Turks and Caicos Islands,,,,,"Bonaire, Sint Eustatius and Saba",,Falkland Islands (Malvinas),Saint Pierre and Miquelon,,,,,,,
Country/Region,Afghanistan,Albania,Algeria,Andorra,Angola,Antigua and Barbuda,Argentina,Armenia,Australia,Australia,Australia,Australia,Australia,Australia,Australia,Australia,Austria,Azerbaijan,Bahamas,Bahrain,Bangladesh,Barbados,Belarus,Belgium,Benin,Bhutan,Bolivia,Bosnia and Herzegovina,Brazil,Brunei,Bulgaria,Burkina Faso,Cabo Verde,Cambodia,Cameroon,Canada,Canada,Canada,Canada,Canada,Canada,Canada,Canada,Canada,Canada,Canada,Central African Republic,Chad,Chile,China,China,China,China,China,China,China,China,China,China,China,China,China,China,China,China,China,China,China,China,China,China,China,China,China,China,China,China,China,China,China,China,China,Colombia,Congo (Brazzaville),Congo (Kinshasa),Costa Rica,Cote d'Ivoire,Croatia,Diamond Princess,Cuba,Cyprus,Czechia,Denmark,Denmark,Denmark,Djibouti,Dominican Republic,Ecuador,Egypt,El Salvador,Equatorial Guinea,Eritrea,Estonia,Eswatini,Ethiopia,Fiji,Finland,France,France,France,France,France,France,France,France,France,France,Gabon,Gambia,Georgia,Germany,Ghana,Greece,Guatemala,Guinea,Guyana,Haiti,Holy See,Honduras,Hungary,Iceland,India,Indonesia,Iran,Iraq,Ireland,Israel,Italy,Jamaica,Japan,Jordan,Kazakhstan,Kenya,"Korea, South",Kuwait,Kyrgyzstan,Latvia,Lebanon,Liberia,Liechtenstein,Lithuania,Luxembourg,Madagascar,Malaysia,Maldives,Malta,Mauritania,Mauritius,Mexico,Moldova,Monaco,Mongolia,Montenegro,Morocco,Namibia,Nepal,Netherlands,Netherlands,Netherlands,Netherlands,New Zealand,Nicaragua,Niger,Nigeria,North Macedonia,Norway,Oman,Pakistan,Panama,Papua New Guinea,Paraguay,Peru,Philippines,Poland,Portugal,Qatar,Romania,Russia,Rwanda,Saint Lucia,Saint Vincent and the Grenadines,San Marino,Saudi Arabia,Senegal,Serbia,Seychelles,Singapore,Slovakia,Slovenia,Somalia,South Africa,Spain,Sri Lanka,Sudan,Suriname,Sweden,Switzerland,Taiwan*,Tanzania,Thailand,Togo,Trinidad and Tobago,Tunisia,Turkey,Uganda,Ukraine,United Arab Emirates,United Kingdom,United Kingdom,United Kingdom,United Kingdom,United Kingdom,United Kingdom,United Kingdom,Uruguay,US,Uzbekistan,Venezuela,Vietnam,Zambia,Zimbabwe,Canada,Dominica,Grenada,Mozambique,Syria,Timor-Leste,Belize,Laos,Libya,West Bank and Gaza,Guinea-Bissau,Mali,Saint Kitts and Nevis,Canada,Canada,Kosovo,Burma,United Kingdom,United Kingdom,United Kingdom,MS Zaandam,Botswana,Burundi,Sierra Leone,Netherlands,Malawi,United Kingdom,France,South Sudan,Western Sahara,Sao Tome and Principe,Yemen,Comoros,Tajikistan,Lesotho
Lat,33.0,41.1533,28.0339,42.5063,-11.2027,17.0608,-38.4161,40.0691,-35.4735,-33.8688,-12.4634,-28.0167,-34.9285,-41.4545,-37.8136,-31.9505,47.5162,40.1431,25.0343,26.0275,23.685,13.1939,53.7098,50.8333,9.3077,27.5142,-16.2902,43.9159,-14.235,4.5353,42.7339,12.2383,16.5388,11.55,3.8480000000000003,53.9333,49.2827,37.6489,53.7609,46.5653,53.1355,44.681999999999995,51.2538,46.5107,52.9399,52.9399,6.6111,15.4542,-35.6751,31.8257,40.1824,30.0572,26.0789,37.8099,23.3417,23.8298,26.8154,19.1959,39.549,47.861999999999995,33.882,22.3,30.9756,27.6104,44.0935,32.9711,27.614,43.6661,41.2956,22.1667,37.2692,35.7452,35.1917,36.3427,31.201999999999998,37.5777,30.6171,39.3054,31.6927,41.1129,24.974,29.1832,4.5709,-4.0383,-4.0383,9.7489,7.54,45.1,0.0,22.0,35.1264,49.8175,61.8926,71.7069,56.2639,11.8251,18.7357,-1.8312,26.0,13.7942,1.5,15.1794,58.5953,-26.5225,9.145,-17.7134,64.0,3.9339,-17.6797,16.25,-12.8275,-20.9043,-21.1351,17.9,18.0708,14.6415,46.2276,-0.8037,13.4432,42.3154,51.0,7.9465,39.0742,15.7835,9.9456,5.0,18.9712,41.9029,15.2,47.1625,64.9631,21.0,-0.7893,32.0,33.0,53.1424,31.0,43.0,18.1096,36.0,31.24,48.0196,-0.0236,36.0,29.5,41.2044,56.8796,33.8547,6.4281,47.14,55.1694,49.8153,-18.7669,2.5,3.2028,35.9375,21.0079,-20.2,23.6345,47.4116,43.7333,46.8625,42.5,31.7917,-22.9576,28.1667,12.5186,12.1696,18.0425,52.1326,-40.9006,12.8654,17.6078,9.082,41.6086,60.472,21.0,30.3753,8.538,-6.315,-23.4425,-9.19,13.0,51.9194,39.3999,25.3548,45.9432,60.0,-1.9403,13.9094,12.9843,43.9424,24.0,14.4974,44.0165,-4.6796,1.2833,48.669,46.1512,5.1521,-30.5595,40.0,7.0,12.8628,3.9193,63.0,46.8182,23.7,-6.369,15.0,8.6195,10.6918,34.0,38.9637,1.0,48.3794,24.0,32.3078,19.3133,49.3723,36.1408,54.2361,16.7425,55.3781,-32.5228,37.0902,41.3775,6.4238,16.0,-15.4167,-20.0,0.0,15.415,12.1165,-18.665695,34.802075,-8.874217,13.1939,19.856270000000002,26.3351,31.9522,11.8037,17.570692,17.357822,64.8255,64.2823,42.602636,21.9162,18.2206,18.4207,21.69400000000001,0.0,-22.3285,-3.3731,8.460555000000001,12.1784,-13.254307999999998,-51.7963,46.8852,6.8770000000000024,24.2155,0.18636,15.552726999999999,-11.6455,38.861034000000004,-29.609988
Long,65.0,20.1683,1.6596,1.5218,17.8739,-61.7964,-63.6167,45.0382,149.0124,151.2093,130.8456,153.4,138.6007,145.9707,144.9631,115.8605,14.5501,47.5769,-77.3963,50.55,90.3563,-59.5432,27.9534,4.0,2.3158,90.4336,-63.5887,17.6791,-51.9253,114.7277,25.4858,-1.5616,-23.0418,104.9167,11.5021,-116.5765,-123.1207,-122.6655,-98.8139,-66.4619,-57.6604,-63.7443,-85.3232,-63.4168,-73.5491,-106.4509,20.9394,18.7322,-71.543,117.2264,116.4142,107.874,117.9874,101.0583,113.4244,108.7881,106.8748,109.7453,116.1306,127.7615,113.61399999999999,114.2,112.2707,111.7088,113.9448,119.455,115.7221,126.1923,122.6085,113.55,106.1655,95.9956,108.8701,118.1498,121.4491,112.2922,102.7103,117.323,88.0924,85.2401,101.48700000000001,120.0934,-74.2973,21.7587,21.7587,-83.7534,-5.5471,15.2,0.0,-80.0,33.4299,15.472999999999999,-6.9118,-42.6043,9.5018,42.5903,-70.1627,-78.1834,30.0,-88.8965,10.0,39.7823,25.0136,31.4659,40.4897,178.065,26.0,-53.1258,149.4068,-61.5833,45.1662,165.618,55.2471,-62.8333,-63.0501,-61.0242,2.2137,11.6094,-15.3101,43.3569,9.0,-1.0232,21.8243,-90.2308,-9.6966,-58.75,-72.2852,12.4534,-86.2419,19.5033,-19.0208,78.0,113.9213,53.0,44.0,-7.6921,35.0,12.0,-77.2975,138.0,36.51,66.9237,37.9062,128.0,47.75,74.7661,24.6032,35.8623,-9.4295,9.55,23.8813,6.1296,46.8691,112.5,73.2207,14.3754,10.9408,57.5,-102.5528,28.3699,7.4167,103.8467,19.3,-7.0926,18.4904,84.25,-70.0358,-68.99,-63.0548,5.2913,174.886,-85.2072,8.0817,8.6753,21.7453,8.4689,57.0,69.3451,-80.7821,143.9555,-58.4438,-75.0152,122.0,19.1451,-8.2245,51.1839,24.9668,90.0,29.8739,-60.9789,-61.2872,12.4578,45.0,-14.4524,21.0059,55.492,103.8333,19.699,14.9955,46.1996,22.9375,-4.0,81.0,30.2176,-56.0278,16.0,8.2275,121.0,34.8888,101.0,0.8248,-61.2225,9.0,35.2433,32.0,31.1656,54.0,-64.7505,-81.2546,-2.3644,-5.3536,-4.5481,-62.1874,-3.4360000000000004,-55.7658,-95.7129,64.5853,-66.5897,108.0,28.2833,30.0,0.0,-61.371,-61.678999999999995,35.529562,38.99681500000001,125.727539,-59.5432,102.495496,17.228331,35.2332,-15.1804,-3.996166000000001,-62.782998,-124.8457,-135.0,20.902977,95.956,-63.0686,-64.64,-71.7979,0.0,24.6849,29.9189,-11.779889,-68.2385,34.301525,-59.5236,-56.3159,31.307,-12.8858,6.613081,48.516388,43.3333,71.276093,28.233608
1/22/20,0,0,0,0,0,0,0,0,0,0,0,0,0,0,0,0,0,0,0,0,0,0,0,0,0,0,0,0,0,0,0,0,0,0,0,0,0,0,0,0,0,0,0,0,0,0,0,0,0,0,0,0,0,0,0,0,0,0,0,0,0,0,17,0,0,0,0,0,0,0,0,0,0,0,0,0,0,0,0,0,0,0,0,0,0,0,0,0,0,0,0,0,0,0,0,0,0,0,0,0,0,0,0,0,0,0,0,0,0,0,0,0,0,0,0,0,0,0,0,0,0,0,0,0,0,0,0,0,0,0,0,0,0,0,0,0,0,0,0,0,0,0,0,0,0,0,0,0,0,0,0,0,0,0,0,0,0,0,0,0,0,0,0,0,0,0,0,0,0,0,0,0,0,0,0,0,0,0,0,0,0,0,0,0,0,0,0,0,0,0,0,0,0,0,0,0,0,0,0,0,0,0,0,0,0,0,0,0,0,0,0,0,0,0,0,0,0,0,0,0,0,0,0,0,0,0,0,0,0,0,0,0,0,0,0,0,0,0,0,0,0,0,0,0,0,0,0,0,0,0,0,0,0,0,0,0,0,0,0,0,0,0,0,0,0,0
1/23/20,0,0,0,0,0,0,0,0,0,0,0,0,0,0,0,0,0,0,0,0,0,0,0,0,0,0,0,0,0,0,0,0,0,0,0,0,0,0,0,0,0,0,0,0,0,0,0,0,0,0,0,0,0,0,0,0,0,0,1,0,0,0,17,0,0,0,0,0,0,0,0,0,0,0,0,0,0,0,0,0,0,0,0,0,0,0,0,0,0,0,0,0,0,0,0,0,0,0,0,0,0,0,0,0,0,0,0,0,0,0,0,0,0,0,0,0,0,0,0,0,0,0,0,0,0,0,0,0,0,0,0,0,0,0,0,0,0,0,0,0,0,0,0,0,0,0,0,0,0,0,0,0,0,0,0,0,0,0,0,0,0,0,0,0,0,0,0,0,0,0,0,0,0,0,0,0,0,0,0,0,0,0,0,0,0,0,0,0,0,0,0,0,0,0,0,0,0,0,0,0,0,0,0,0,0,0,0,0,0,0,0,0,0,0,0,0,0,0,0,0,0,0,0,0,0,0,0,0,0,0,0,0,0,0,0,0,0,0,0,0,0,0,0,0,0,0,0,0,0,0,0,0,0,0,0,0,0,0,0,0,0,0,0,0,0,0
1/24/20,0,0,0,0,0,0,0,0,0,0,0,0,0,0,0,0,0,0,0,0,0,0,0,0,0,0,0,0,0,0,0,0,0,0,0,0,0,0,0,0,0,0,0,0,0,0,0,0,0,0,0,0,0,0,0,0,0,0,1,1,0,0,24,0,0,0,0,0,0,0,0,0,0,0,0,0,0,0,0,0,0,0,0,0,0,0,0,0,0,0,0,0,0,0,0,0,0,0,0,0,0,0,0,0,0,0,0,0,0,0,0,0,0,0,0,0,0,0,0,0,0,0,0,0,0,0,0,0,0,0,0,0,0,0,0,0,0,0,0,0,0,0,0,0,0,0,0,0,0,0,0,0,0,0,0,0,0,0,0,0,0,0,0,0,0,0,0,0,0,0,0,0,0,0,0,0,0,0,0,0,0,0,0,0,0,0,0,0,0,0,0,0,0,0,0,0,0,0,0,0,0,0,0,0,0,0,0,0,0,0,0,0,0,0,0,0,0,0,0,0,0,0,0,0,0,0,0,0,0,0,0,0,0,0,0,0,0,0,0,0,0,0,0,0,0,0,0,0,0,0,0,0,0,0,0,0,0,0,0,0,0,0,0,0,0,0
1/25/20,0,0,0,0,0,0,0,0,0,0,0,0,0,0,0,0,0,0,0,0,0,0,0,0,0,0,0,0,0,0,0,0,0,0,0,0,0,0,0,0,0,0,0,0,0,0,0,0,0,0,0,0,0,0,0,0,0,0,1,1,0,0,40,0,0,0,0,0,0,0,0,0,0,0,0,0,0,0,0,0,0,0,0,0,0,0,0,0,0,0,0,0,0,0,0,0,0,0,0,0,0,0,0,0,0,0,0,0,0,0,0,0,0,0,0,0,0,0,0,0,0,0,0,0,0,0,0,0,0,0,0,0,0,0,0,0,0,0,0,0,0,0,0,0,0,0,0,0,0,0,0,0,0,0,0,0,0,0,0,0,0,0,0,0,0,0,0,0,0,0,0,0,0,0,0,0,0,0,0,0,0,0,0,0,0,0,0,0,0,0,0,0,0,0,0,0,0,0,0,0,0,0,0,0,0,0,0,0,0,0,0,0,0,0,0,0,0,0,0,0,0,0,0,0,0,0,0,0,0,0,0,0,0,0,0,0,0,0,0,0,0,0,0,0,0,0,0,0,0,0,0,0,0,0,0,0,0,0,0,0,0,0,0,0,0,0
1/26/20,0,0,0,0,0,0,0,0,0,0,0,0,0,0,0,0,0,0,0,0,0,0,0,0,0,0,0,0,0,0,0,0,0,0,0,0,0,0,0,0,0,0,0,0,0,0,0,0,0,0,0,0,0,0,0,0,0,0,1,1,1,0,52,0,0,0,0,0,0,0,0,0,0,0,1,0,0,0,0,0,0,0,0,0,0,0,0,0,0,0,0,0,0,0,0,0,0,0,0,0,0,0,0,0,0,0,0,0,0,0,0,0,0,0,0,0,0,0,0,0,0,0,0,0,0,0,0,0,0,0,0,0,0,0,0,0,0,0,0,0,0,0,0,0,0,0,0,0,0,0,0,0,0,0,0,0,0,0,0,0,0,0,0,0,0,0,0,0,0,0,0,0,0,0,0,0,0,0,0,0,0,0,0,0,0,0,0,0,0,0,0,0,0,0,0,0,0,0,0,0,0,0,0,0,0,0,0,0,0,0,0,0,0,0,0,0,0,0,0,0,0,0,0,0,0,0,0,0,0,0,0,0,0,0,0,0,0,0,0,0,0,0,0,0,0,0,0,0,0,0,0,0,0,0,0,0,0,0,0,0,0,0,0,0,0,0
1/27/20,0,0,0,0,0,0,0,0,0,0,0,0,0,0,0,0,0,0,0,0,0,0,0,0,0,0,0,0,0,0,0,0,0,0,0,0,0,0,0,0,0,0,0,0,0,0,0,0,0,0,1,0,0,0,0,0,0,1,1,1,1,0,76,0,0,0,0,0,0,0,0,0,0,0,1,0,0,0,0,0,0,0,0,0,0,0,0,0,0,0,0,0,0,0,0,0,0,0,0,0,0,0,0,0,0,0,0,0,0,0,0,0,0,0,0,0,0,0,0,0,0,0,0,0,0,0,0,0,0,0,0,0,0,0,0,0,0,0,0,0,0,0,0,0,0,0,0,0,0,0,0,0,0,0,0,0,0,0,0,0,0,0,0,0,0,0,0,0,0,0,0,0,0,0,0,0,0,0,0,0,0,0,0,0,0,0,0,0,0,0,0,0,0,0,0,0,0,0,0,0,0,0,0,0,0,0,0,0,0,0,0,0,0,0,0,0,0,0,0,0,0,0,0,0,0,0,0,0,0,0,0,0,0,0,0,0,0,0,0,0,0,0,0,0,0,0,0,0,0,0,0,0,0,0,0,0,0,0,0,0,0,0,0,0,0,0
1/28/20,0,0,0,0,0,0,0,0,0,0,0,0,0,0,0,0,0,0,0,0,0,0,0,0,0,0,0,0,0,0,0,0,0,0,0,0,0,0,0,0,0,0,0,0,0,0,0,0,0,0,1,0,0,0,0,0,0,1,1,1,1,0,125,0,0,0,0,0,0,0,0,0,0,0,1,0,0,0,0,0,0,0,0,0,0,0,0,0,0,0,0,0,0,0,0,0,0,0,0,0,0,0,0,0,0,0,0,0,0,0,0,0,0,0,0,0,0,0,0,0,0,0,0,0,0,0,0,0,0,0,0,0,0,0,0,0,0,0,0,0,0,0,0,0,0,0,0,0,0,0,0,0,0,0,0,0,0,0,0,0,0,0,0,0,0,0,0,0,0,0,0,0,0,0,0,0,0,0,0,0,0,0,0,0,0,0,0,0,0,0,0,0,0,0,0,0,0,0,0,0,0,0,0,0,0,0,0,0,0,0,0,0,0,0,0,0,0,0,0,0,0,0,0,0,0,0,0,0,0,0,0,0,0,0,0,0,0,0,0,0,0,0,0,0,0,0,0,0,0,0,0,0,0,0,0,0,0,0,0,0,0,0,0,0,0,0
1/29/20,0,0,0,0,0,0,0,0,0,0,0,0,0,0,0,0,0,0,0,0,0,0,0,0,0,0,0,0,0,0,0,0,0,0,0,0,0,0,0,0,0,0,0,0,0,0,0,0,0,0,1,0,0,0,0,0,0,1,1,1,2,0,125,0,0,0,0,0,0,0,0,0,0,0,1,0,1,0,0,0,0,0,0,0,0,0,0,0,0,0,0,0,0,0,0,0,0,0,0,0,0,0,0,0,0,0,0,0,0,0,0,0,0,0,0,0,0,0,0,0,0,0,0,0,0,0,0,0,0,0,0,0,0,0,0,0,0,0,0,0,0,0,0,0,0,0,0,0,0,0,0,0,0,0,0,0,0,0,0,0,0,0,0,0,0,0,0,0,0,0,0,0,0,0,0,0,0,0,0,0,0,0,0,0,0,0,0,0,0,0,0,0,0,0,0,0,0,0,0,0,0,0,0,0,0,0,0,0,0,0,0,0,0,0,0,0,0,0,0,0,0,0,0,0,0,0,0,0,0,0,0,0,0,0,0,0,0,0,0,0,0,0,0,0,0,0,0,0,0,0,0,0,0,0,0,0,0,0,0,0,0,0,0,0,0,0
1/30/20,0,0,0,0,0,0,0,0,0,0,0,0,0,0,0,0,0,0,0,0,0,0,0,0,0,0,0,0,0,0,0,0,0,0,0,0,0,0,0,0,0,0,0,0,0,0,0,0,0,0,1,0,0,0,0,0,0,1,1,2,2,0,162,0,0,0,0,0,0,0,0,0,0,0,1,0,1,0,0,0,0,0,0,0,0,0,0,0,0,0,0,0,0,0,0,0,0,0,0,0,0,0,0,0,0,0,0,0,0,0,0,0,0,0,0,0,0,0,0,0,0,0,0,0,0,0,0,0,0,0,0,0,0,0,0,0,0,0,0,0,0,0,0,0,0,0,0,0,0,0,0,0,0,0,0,0,0,0,0,0,0,0,0,0,0,0,0,0,0,0,0,0,0,0,0,0,0,0,0,0,0,0,0,0,0,0,0,0,0,0,0,0,0,0,0,0,0,0,0,0,0,0,0,0,0,0,0,0,0,0,0,0,0,0,0,0,0,0,0,0,0,0,0,0,0,0,0,0,0,0,0,0,0,0,0,0,0,0,0,0,0,0,0,0,0,0,0,0,0,0,0,0,0,0,0,0,0,0,0,0,0,0,0,0,0,0
1/31/20,0,0,0,0,0,0,0,0,0,0,0,0,0,0,0,0,0,0,0,0,0,0,0,0,0,0,0,0,0,0,0,0,0,0,0,0,0,0,0,0,0,0,0,0,0,0,0,0,0,0,1,0,0,0,0,0,0,1,1,2,2,0,204,0,0,0,0,0,0,0,0,0,0,0,1,0,1,0,0,0,0,0,0,0,0,0,0,0,0,0,0,0,0,0,0,0,0,0,0,0,0,0,0,0,0,0,0,0,0,0,0,0,0,0,0,0,0,0,0,0,0,0,0,0,0,0,0,0,0,0,0,0,0,0,0,0,0,0,0,0,0,0,0,0,0,0,0,0,0,0,0,0,0,0,0,0,0,0,0,0,0,0,0,0,0,0,0,0,0,0,0,0,0,0,0,0,0,0,0,0,0,0,0,0,0,0,0,0,0,0,0,0,0,0,0,0,0,0,0,0,0,0,0,0,0,0,0,0,0,0,0,0,0,0,0,0,0,0,0,0,0,0,0,0,0,0,0,0,0,0,0,0,0,0,0,0,0,0,0,0,0,0,0,0,0,0,0,0,0,0,0,0,0,0,0,0,0,0,0,0,0,0,0,0,0,0
2/1/20,0,0,0,0,0,0,0,0,0,0,0,0,0,0,0,0,0,0,0,0,0,0,0,0,0,0,0,0,0,0,0,0,0,0,0,0,0,0,0,0,0,0,0,0,0,0,0,0,0,0,1,1,0,0,0,0,0,1,1,2,2,0,249,0,0,0,0,0,0,0,0,0,0,0,1,0,1,0,0,0,0,0,0,0,0,0,0,0,0,0,0,0,0,0,0,0,0,0,0,0,0,0,0,0,0,0,0,0,0,0,0,0,0,0,0,0,0,0,0,0,0,0,0,0,0,0,0,0,0,0,0,0,0,0,0,0,0,0,0,0,0,0,0,0,0,0,0,0,0,0,0,0,0,0,0,0,0,0,0,0,0,0,0,0,0,0,0,0,0,0,0,0,0,0,0,0,0,0,0,0,0,0,0,0,0,0,0,0,0,0,0,0,0,0,0,0,0,0,0,0,0,0,0,0,0,0,0,0,0,0,0,0,0,0,0,0,0,0,0,0,0,0,0,0,0,0,0,0,0,0,0,0,0,0,0,0,0,0,0,0,0,0,0,0,0,0,0,0,0,0,0,0,0,0,0,0,0,0,0,0,0,0,0,0,0,0
2/2/20,0,0,0,0,0,0,0,0,0,0,0,0,0,0,0,0,0,0,0,0,0,0,0,0,0,0,0,0,0,0,0,0,0,0,0,0,0,0,0,0,0,0,0,0,0,0,0,0,0,0,1,2,0,0,0,0,0,1,1,2,2,0,350,0,0,0,0,0,0,0,0,0,0,0,1,0,1,0,0,0,0,0,0,0,0,0,0,0,0,0,0,0,0,0,0,0,0,0,0,0,0,0,0,0,0,0,0,0,0,0,0,0,0,0,0,0,0,0,0,0,0,0,0,0,0,0,0,0,0,0,0,0,0,0,0,0,0,0,0,0,0,0,0,0,0,0,0,0,0,0,0,0,0,0,0,0,0,0,0,0,0,0,0,0,0,0,0,0,0,0,0,0,0,0,0,0,0,0,0,0,0,0,1,0,0,0,0,0,0,0,0,0,0,0,0,0,0,0,0,0,0,0,0,0,0,0,0,0,0,0,0,0,0,0,0,0,0,0,0,0,0,0,0,0,0,0,0,0,0,0,0,0,0,0,0,0,0,0,0,0,0,0,0,0,0,0,0,0,0,0,0,0,0,0,0,0,0,0,0,0,0,0,0,0,0,0
2/3/20,0,0,0,0,0,0,0,0,0,0,0,0,0,0,0,0,0,0,0,0,0,0,0,0,0,0,0,0,0,0,0,0,0,0,0,0,0,0,0,0,0,0,0,0,0,0,0,0,0,0,1,2,0,0,0,0,0,1,1,2,2,0,414,0,0,0,0,0,0,0,0,0,0,0,1,0,1,0,0,0,0,0,0,0,0,0,0,0,0,0,0,0,0,0,0,0,0,0,0,0,0,0,0,0,0,0,0,0,0,0,0,0,0,0,0,0,0,0,0,0,0,0,0,0,0,0,0,0,0,0,0,0,0,0,0,0,0,0,0,0,0,0,0,0,0,0,0,0,0,0,0,0,0,0,0,0,0,0,0,0,0,0,0,0,0,0,0,0,0,0,0,0,0,0,0,0,0,0,0,0,0,0,1,0,0,0,0,0,0,0,0,0,0,0,0,0,0,0,0,0,0,0,0,0,0,0,0,0,0,0,0,0,0,0,0,0,0,0,0,0,0,0,0,0,0,0,0,0,0,0,0,0,0,0,0,0,0,0,0,0,0,0,0,0,0,0,0,0,0,0,0,0,0,0,0,0,0,0,0,0,0,0,0,0,0,0
2/4/20,0,0,0,0,0,0,0,0,0,0,0,0,0,0,0,0,0,0,0,0,0,0,0,0,0,0,0,0,0,0,0,0,0,0,0,0,0,0,0,0,0,0,0,0,0,0,0,0,0,0,1,2,0,0,0,0,0,1,1,2,2,1,479,0,0,0,0,0,0,0,0,0,0,0,1,0,1,0,0,0,0,0,0,0,0,0,0,0,0,0,0,0,0,0,0,0,0,0,0,0,0,0,0,0,0,0,0,0,0,0,0,0,0,0,0,0,0,0,0,0,0,0,0,0,0,0,0,0,0,0,0,0,0,0,0,0,0,0,0,0,0,0,0,0,0,0,0,0,0,0,0,0,0,0,0,0,0,0,0,0,0,0,0,0,0,0,0,0,0,0,0,0,0,0,0,0,0,0,0,0,0,0,1,0,0,0,0,0,0,0,0,0,0,0,0,0,0,0,0,0,0,0,0,0,0,0,0,0,0,0,0,0,0,0,0,0,0,0,0,0,0,0,0,0,0,0,0,0,0,0,0,0,0,0,0,0,0,0,0,0,0,0,0,0,0,0,0,0,0,0,0,0,0,0,0,0,0,0,0,0,0,0,0,0,0,0
2/5/20,0,0,0,0,0,0,0,0,0,0,0,0,0,0,0,0,0,0,0,0,0,0,0,0,0,0,0,0,0,0,0,0,0,0,0,0,0,0,0,0,0,0,0,0,0,0,0,0,0,0,1,2,0,0,0,0,1,1,1,2,2,1,549,0,0,0,0,0,0,0,0,0,0,0,1,0,1,1,0,0,0,0,0,0,0,0,0,0,0,0,0,0,0,0,0,0,0,0,0,0,0,0,0,0,0,0,0,0,0,0,0,0,0,0,0,0,0,0,0,0,0,0,0,0,0,0,0,0,0,0,0,0,0,0,0,0,0,0,0,0,0,0,0,0,0,0,0,0,0,0,0,0,0,0,0,0,0,0,0,0,0,0,0,0,0,0,0,0,0,0,0,0,0,0,0,0,0,0,0,0,0,0,1,0,0,0,0,0,0,0,0,0,0,0,0,0,0,0,0,0,0,0,0,0,0,0,0,0,0,0,0,0,0,0,0,0,0,0,0,0,0,0,0,0,0,0,0,0,0,0,0,0,0,0,0,0,0,0,0,0,0,0,0,0,0,0,0,0,0,0,0,0,0,0,0,0,0,0,0,0,0,0,0,0,0,0
2/6/20,0,0,0,0,0,0,0,0,0,0,0,0,0,0,0,0,0,0,0,0,0,0,0,0,0,0,0,0,0,0,0,0,0,0,0,0,0,0,0,0,0,0,0,0,0,0,0,0,0,0,1,2,0,0,0,0,1,1,1,3,2,1,618,0,0,0,0,0,0,0,0,0,0,0,1,0,1,1,0,0,0,0,0,0,0,0,0,0,0,0,0,0,0,0,0,0,0,0,0,0,0,0,0,0,0,0,0,0,0,0,0,0,0,0,0,0,0,0,0,0,0,0,0,0,0,0,0,0,0,0,0,0,0,0,0,0,0,0,0,0,0,0,0,0,0,0,0,0,0,0,0,0,0,0,0,0,0,0,0,0,0,0,0,0,0,0,0,0,0,0,0,0,0,0,0,0,0,0,0,0,0,0,1,0,0,0,0,0,0,0,0,0,0,0,0,0,0,0,0,0,0,0,0,0,0,0,0,0,0,0,0,0,0,0,0,0,0,0,0,0,0,0,0,0,0,0,0,0,0,0,0,0,0,0,0,0,0,0,0,0,0,0,0,0,0,0,0,0,0,0,0,0,0,0,0,0,0,0,0,0,0,0,0,0,0,0
2/7/20,0,0,0,0,0,0,0,0,0,0,0,0,0,0,0,0,0,0,0,0,0,0,0,0,0,0,0,0,0,0,0,0,0,0,0,0,0,0,0,0,0,0,0,0,0,0,0,0,0,0,1,2,0,0,1,0,1,2,1,3,3,1,699,0,0,0,0,1,0,0,0,0,0,0,1,0,1,1,0,0,0,0,0,0,0,0,0,0,0,0,0,0,0,0,0,0,0,0,0,0,0,0,0,0,0,0,0,0,0,0,0,0,0,0,0,0,0,0,0,0,0,0,0,0,0,0,0,0,0,0,0,0,0,0,0,0,0,0,0,0,0,0,0,0,0,0,0,0,0,0,0,0,0,0,0,0,0,0,0,0,0,0,0,0,0,0,0,0,0,0,0,0,0,0,0,0,0,0,0,0,0,0,1,0,0,0,0,0,0,0,0,0,0,0,0,0,0,0,0,0,0,0,0,0,0,0,0,0,0,0,0,0,0,0,0,0,0,0,0,0,0,0,0,0,0,0,0,0,0,0,0,0,0,0,0,0,0,0,0,0,0,0,0,0,0,0,0,0,0,0,0,0,0,0,0,0,0,0,0,0,0,0,0,0,0,0
2/8/20,0,0,0,0,0,0,0,0,0,0,0,0,0,0,0,0,0,0,0,0,0,0,0,0,0,0,0,0,0,0,0,0,0,0,0,0,0,0,0,0,0,0,0,0,0,0,0,0,0,0,2,2,0,1,1,0,1,2,1,5,4,1,780,1,0,0,0,1,0,0,0,0,0,0,1,0,1,1,0,0,0,0,0,0,0,0,0,0,0,0,0,0,0,0,0,0,0,0,0,0,0,0,0,0,0,0,0,0,0,0,0,0,0,0,0,0,0,0,0,0,0,0,0,0,0,0,0,0,0,0,0,0,0,0,0,0,0,0,0,0,0,0,0,0,0,0,0,0,0,0,0,0,0,0,0,0,0,0,0,0,0,0,0,0,0,0,0,0,0,0,0,0,0,0,0,0,0,0,0,0,0,0,1,0,0,0,0,0,0,0,0,0,0,0,0,0,0,0,0,0,0,0,0,0,0,0,0,0,0,0,0,0,0,0,0,0,0,0,0,0,0,0,0,0,0,0,0,0,0,0,0,0,0,0,0,0,0,0,0,0,0,0,0,0,0,0,0,0,0,0,0,0,0,0,0,0,0,0,0,0,0,0,0,0,0,0
2/9/20,0,0,0,0,0,0,0,0,0,0,0,0,0,0,0,0,0,0,0,0,0,0,0,0,0,0,0,0,0,0,0,0,0,0,0,0,0,0,0,0,0,0,0,0,0,0,0,0,0,1,2,2,0,2,1,1,1,3,2,6,6,1,871,1,0,0,0,1,0,0,0,0,0,1,1,0,1,1,0,0,0,0,0,0,0,0,0,0,0,0,0,0,0,0,0,0,0,0,0,0,0,0,0,0,0,0,0,0,0,0,0,0,0,0,0,0,0,0,0,0,0,0,0,0,0,0,0,0,0,0,0,0,0,0,0,0,0,0,0,0,0,0,0,0,0,0,0,0,0,0,0,0,0,0,0,0,0,0,0,0,0,0,0,0,0,0,0,0,0,0,0,0,0,0,0,0,0,0,0,0,0,0,1,0,0,0,0,0,0,0,0,0,0,0,0,0,0,0,0,0,0,0,0,0,0,0,0,0,0,0,0,0,0,0,0,0,0,0,0,0,0,0,0,0,0,0,0,0,0,0,0,0,0,0,0,0,0,0,0,0,0,0,0,0,0,0,0,0,0,0,0,0,0,0,0,0,0,0,0,0,0,0,0,0,0,0
2/10/20,0,0,0,0,0,0,0,0,0,0,0,0,0,0,0,0,0,0,0,0,0,0,0,0,0,0,0,0,0,0,0,0,0,0,0,0,0,0,0,0,0,0,0,0,0,0,0,0,0,3,2,2,0,2,1,1,1,3,2,7,6,1,974,1,0,0,1,1,0,0,0,0,0,1,1,0,1,1,0,0,0,0,0,0,0,0,0,0,0,0,0,0,0,0,0,0,0,0,0,0,0,0,0,0,0,0,0,0,0,0,0,0,0,0,0,0,0,0,0,0,0,0,0,0,0,0,0,0,0,0,0,0,0,0,0,0,0,0,0,0,0,0,0,0,0,0,0,0,0,0,0,0,0,0,0,0,0,0,0,0,0,0,0,0,0,0,0,0,0,0,0,0,0,0,0,0,0,0,0,0,0,0,1,0,0,0,0,0,0,0,0,0,0,0,0,0,0,0,0,0,0,0,0,0,0,0,0,0,0,0,0,0,0,0,0,0,0,0,0,0,0,0,0,0,0,0,0,0,0,0,0,0,0,0,0,0,0,0,0,0,0,0,0,0,0,0,0,0,0,0,0,0,0,0,0,0,0,0,0,0,0,0,0,0,0,0
2/11/20,0,0,0,0,0,0,0,0,0,0,0,0,0,0,0,0,0,0,0,0,0,0,0,0,0,0,0,0,0,0,0,0,0,0,0,0,0,0,0,0,0,0,0,0,0,0,0,0,0,4,3,3,0,2,1,1,1,3,2,8,7,1,1068,1,0,0,1,1,0,0,0,0,0,1,1,0,1,2,0,0,0,0,0,0,0,0,0,0,0,0,0,0,0,0,0,0,0,0,0,0,0,0,0,0,0,0,0,0,0,0,0,0,0,0,0,0,0,0,0,0,0,0,0,0,0,0,0,0,0,0,0,0,0,0,0,0,0,0,0,0,0,0,0,0,0,0,0,0,0,0,0,0,0,0,0,0,0,0,0,0,0,0,0,0,0,0,0,0,0,0,0,0,0,0,0,0,0,0,0,0,0,0,1,0,0,0,0,0,0,0,0,0,0,0,0,0,0,0,0,0,0,0,0,0,0,0,0,0,0,0,0,0,0,0,0,0,0,0,0,0,0,0,0,0,0,0,0,0,0,0,0,0,0,0,0,0,0,0,0,0,0,0,0,0,0,0,0,0,0,0,0,0,0,0,0,0,0,0,0,0,0,0,0,0,0,0
2/12/20,0,0,0,0,0,0,0,0,0,0,0,0,0,0,0,0,0,0,0,0,0,0,0,0,0,0,0,0,0,0,0,0,0,0,0,0,0,0,0,0,0,0,0,0,0,0,0,0,0,4,3,3,0,2,1,1,1,4,2,8,8,1,1068,2,0,0,1,1,1,0,0,0,0,2,1,0,1,2,0,0,0,0,0,0,0,0,0,0,0,0,0,0,0,0,0,0,0,0,0,0,0,0,0,0,0,0,0,0,0,0,0,0,0,0,0,0,0,0,0,0,0,0,0,0,0,0,0,0,0,0,0,0,0,0,0,0,0,0,0,0,0,0,0,0,0,0,0,0,0,0,0,0,0,0,0,0,0,0,0,0,0,0,0,0,0,0,0,0,0,0,0,0,0,0,0,0,0,0,0,0,0,0,1,0,0,0,0,0,0,0,0,0,0,0,0,0,0,0,0,0,0,0,0,0,0,0,0,0,0,0,0,0,0,0,0,0,0,0,0,0,0,0,0,0,0,0,0,0,0,0,0,0,0,0,0,0,0,0,0,0,0,0,0,0,0,0,0,0,0,0,0,0,0,0,0,0,0,0,0,0,0,0,0,0,0,0
2/13/20,0,0,0,0,0,0,0,0,0,0,0,0,0,0,0,0,0,0,0,0,0,0,0,0,0,0,0,0,0,0,0,0,0,0,0,0,0,0,0,0,0,0,0,0,0,0,0,0,0,5,3,4,0,2,2,2,1,4,3,9,10,1,1310,2,0,0,1,1,1,0,0,0,0,2,1,0,1,3,0,1,0,0,0,0,0,0,0,0,0,0,0,0,0,0,0,0,0,0,0,0,0,0,0,0,0,0,0,0,0,0,0,0,0,0,0,0,0,0,0,0,0,0,0,0,0,0,0,0,0,0,0,0,0,0,0,0,0,0,0,1,0,0,0,0,0,0,0,0,0,0,0,0,0,0,0,0,0,0,0,0,0,0,0,0,0,0,0,0,0,0,0,0,0,0,0,0,0,0,0,0,0,0,1,0,0,0,0,0,0,0,0,0,0,0,0,0,0,0,0,0,0,0,0,0,0,0,0,0,0,0,0,0,0,0,0,0,0,0,0,0,0,0,0,0,0,0,0,0,0,0,0,0,0,0,0,0,0,0,0,0,0,0,0,0,0,0,0,0,0,0,0,0,0,0,0,0,0,0,0,0,0,0,0,0,0,0
2/14/20,0,0,0,0,0,0,0,0,0,0,0,0,0,0,0,0,0,0,0,0,0,0,0,0,0,0,0,0,0,0,0,0,0,0,0,0,0,0,0,0,0,0,0,0,0,0,0,0,0,6,3,5,0,2,2,2,1,4,3,11,11,1,1457,2,0,0,1,1,1,0,0,0,0,2,1,0,1,3,0,1,0,0,0,0,0,0,0,0,0,0,0,0,0,0,0,0,0,0,0,0,0,0,0,0,0,0,0,0,0,0,0,0,0,0,0,0,0,0,0,0,0,0,0,0,0,0,0,0,0,0,0,0,0,0,0,0,0,0,0,1,0,0,0,0,0,0,0,0,0,0,0,0,0,0,0,0,0,0,0,0,0,0,0,0,0,0,0,0,0,0,0,0,0,0,0,0,0,0,0,0,0,0,1,0,0,0,0,0,0,0,0,0,0,0,0,0,0,0,0,0,0,0,0,0,0,0,0,0,0,0,0,0,0,0,0,0,0,0,0,0,0,0,0,0,0,0,0,0,0,0,0,0,0,0,0,0,0,0,0,0,0,0,0,0,0,0,0,0,0,0,0,0,0,0,0,0,0,0,0,0,0,0,0,0,0,0
2/15/20,0,0,0,0,0,0,0,0,0,0,0,0,0,0,0,0,0,0,0,0,0,0,0,0,0,0,0,0,0,0,0,0,0,0,0,0,0,0,0,0,0,0,0,0,0,0,0,0,0,6,4,5,0,2,2,2,1,4,3,11,13,1,1596,2,0,0,1,1,1,0,0,0,0,2,1,0,1,3,0,1,0,0,0,0,0,0,0,0,0,0,0,0,0,0,0,0,0,0,0,0,0,0,0,0,0,0,0,0,0,0,0,0,0,0,0,0,1,0,0,0,0,0,0,0,0,0,0,0,0,0,0,0,0,0,0,0,0,0,0,1,0,0,0,0,0,0,0,0,0,0,0,0,0,0,0,0,0,0,0,0,0,0,0,0,0,0,0,0,0,0,0,0,0,0,0,0,0,0,0,0,0,0,1,0,0,0,0,0,0,0,0,0,0,0,0,0,0,0,0,0,0,0,0,0,0,0,0,0,0,0,0,0,0,0,0,0,0,0,0,0,0,0,0,0,0,0,0,0,0,0,0,0,0,0,0,0,0,0,0,0,0,0,0,0,0,0,0,0,0,0,0,0,0,0,0,0,0,0,0,0,0,0,0,0,0,0
2/16/20,0,0,0,0,0,0,0,0,0,0,0,0,0,0,0,0,0,0,0,0,0,0,0,0,0,0,0,0,0,0,0,0,0,0,0,0,0,0,0,0,0,0,0,0,0,0,0,0,0,6,4,5,0,2,2,2,1,4,3,11,13,1,1696,3,0,0,1,1,1,0,0,0,0,2,1,0,3,3,0,1,0,0,0,0,0,0,0,0,0,0,0,0,0,0,0,0,0,0,0,0,0,0,0,0,0,0,0,0,0,0,0,0,0,0,0,0,1,0,0,0,0,0,0,0,0,0,0,0,0,0,0,0,0,0,0,0,0,0,0,1,0,0,0,0,0,0,0,0,0,0,0,0,0,0,0,0,0,0,0,0,0,0,0,0,0,0,0,0,0,0,0,0,0,0,0,0,0,0,0,0,0,0,1,0,0,0,0,0,0,0,0,0,0,0,0,0,0,0,0,0,0,0,0,0,0,0,0,1,0,0,0,0,0,0,0,0,0,0,0,0,0,0,0,0,0,0,0,0,0,0,0,0,0,0,0,0,0,0,0,0,0,0,0,0,0,0,0,0,0,0,0,0,0,0,0,0,0,0,0,0,0,0,0,0,0,0
2/17/20,0,0,0,0,0,0,0,0,0,0,0,0,0,0,0,0,0,0,0,0,0,0,0,0,0,0,0,0,0,0,0,0,0,0,0,0,0,0,0,0,0,0,0,0,0,0,0,0,0,6,4,5,0,2,4,2,1,4,3,11,16,1,1789,3,0,0,1,1,1,0,0,0,0,2,1,0,3,3,0,1,0,0,0,0,0,0,0,0,0,0,0,0,0,0,0,0,0,0,0,0,0,0,0,0,0,0,0,0,0,0,0,0,0,0,0,0,1,0,0,0,0,0,0,0,0,0,0,0,0,0,0,0,0,0,0,0,0,0,0,1,0,0,0,0,0,0,0,0,0,0,0,0,0,0,0,0,0,0,0,0,0,0,0,0,0,0,0,0,0,0,0,0,0,0,0,0,0,0,0,0,0,0,1,0,0,0,0,0,0,0,0,0,0,0,0,0,0,0,0,0,0,0,0,0,0,0,0,1,0,0,0,0,0,0,0,0,0,0,0,0,0,0,0,0,0,0,0,0,0,0,0,0,0,0,0,0,0,0,0,0,0,0,0,0,0,0,0,0,0,0,0,0,0,0,0,0,0,0,0,0,0,0,0,0,0,0
2/18/20,0,0,0,0,0,0,0,0,0,0,0,0,0,0,0,0,0,0,0,0,0,0,0,0,0,0,0,0,0,0,0,0,0,0,0,0,0,0,0,0,0,0,0,0,0,0,0,0,0,6,4,5,0,2,4,2,2,4,4,11,19,1,1921,4,0,0,1,1,1,0,0,0,0,3,1,0,3,3,0,1,0,0,0,0,0,0,0,0,0,0,0,0,0,0,0,0,0,0,0,0,0,0,0,0,0,0,0,0,0,0,0,0,0,0,0,0,1,0,0,0,0,0,0,0,0,0,0,0,0,0,0,0,0,0,0,0,0,0,0,1,0,0,0,0,0,0,0,0,0,0,0,0,0,0,0,0,0,0,0,0,0,0,0,0,0,0,0,0,0,0,0,0,0,0,0,0,0,0,0,0,0,0,1,0,0,0,0,0,0,0,0,0,0,0,0,0,0,0,0,0,0,0,0,0,0,0,0,1,0,0,0,0,0,0,0,0,0,0,0,0,0,0,0,0,0,0,0,0,0,0,0,0,0,0,0,0,0,0,0,0,0,0,0,0,0,0,0,0,0,0,0,0,0,0,0,0,0,0,0,0,0,0,0,0,0,0
2/19/20,0,0,0,0,0,0,0,0,0,0,0,0,0,0,0,0,0,0,0,0,0,0,0,0,0,0,0,0,0,0,0,0,0,0,0,0,0,0,0,0,0,0,0,0,0,0,0,0,0,6,4,5,0,2,5,2,2,4,4,12,19,2,2029,4,0,0,1,1,1,0,0,0,0,3,2,0,3,3,0,1,1,0,0,0,0,0,0,0,0,0,0,0,0,0,0,0,0,0,0,0,0,0,0,0,0,0,0,0,0,0,0,0,0,0,0,0,1,0,0,0,0,0,0,0,0,0,0,0,0,0,0,0,0,2,0,0,0,0,0,1,0,0,0,0,0,0,0,0,0,0,0,0,0,0,0,0,0,0,0,0,0,0,0,0,0,0,0,0,0,0,0,0,0,0,0,0,0,0,0,0,0,0,1,0,0,0,0,0,0,0,0,0,0,0,0,0,0,0,0,0,0,0,0,0,0,0,0,1,0,0,0,0,0,0,0,0,0,0,0,0,0,0,0,0,0,0,0,0,0,0,0,0,0,0,0,0,0,0,0,0,0,0,0,0,0,0,0,0,0,0,0,0,0,0,0,0,0,0,0,0,0,0,0,0,0,0
2/20/20,0,0,0,0,0,0,0,0,0,0,0,0,0,0,0,0,0,0,0,0,0,0,0,0,0,0,0,0,0,0,0,0,0,0,0,0,0,0,0,0,0,0,0,0,0,0,0,0,0,6,4,6,1,2,5,2,2,4,5,12,19,2,2144,4,0,0,1,1,1,0,0,0,1,4,2,0,3,3,0,1,2,1,0,0,0,0,0,0,2,0,0,0,0,0,0,0,0,0,0,0,0,0,0,0,0,0,0,0,0,0,0,0,0,0,0,0,1,0,0,0,0,0,0,0,0,0,0,0,0,0,0,0,0,2,0,0,0,0,0,1,0,0,0,1,0,0,0,0,0,0,0,0,0,0,0,0,0,0,0,0,0,0,0,0,0,0,0,0,0,0,0,0,0,0,0,0,0,0,0,0,0,0,1,0,0,0,0,0,0,0,0,0,0,0,0,0,0,0,0,0,0,0,0,0,0,0,0,1,0,0,0,0,0,0,0,0,0,0,0,0,0,0,0,0,0,0,0,0,0,0,0,0,0,0,0,0,0,0,0,0,0,0,0,0,0,0,0,0,0,0,0,0,0,0,0,0,0,0,0,0,0,0,0,0,0,0
2/21/20,0,0,0,0,0,0,0,0,0,0,0,0,0,0,0,0,0,0,0,0,0,0,0,0,0,0,0,0,0,0,0,0,0,0,0,0,0,0,0,0,0,0,0,0,0,0,0,0,0,6,4,6,1,2,5,2,2,4,5,12,19,2,2144,4,0,0,1,1,1,0,0,0,1,4,2,0,3,3,0,1,2,1,0,0,0,0,0,0,2,0,0,0,0,0,0,0,0,0,0,0,0,0,0,0,0,0,0,0,0,0,0,0,0,0,0,0,1,0,0,0,0,0,0,0,0,0,0,0,0,0,0,0,0,4,0,0,0,1,0,1,0,0,0,2,0,0,0,0,0,0,0,0,0,0,0,0,0,0,0,0,0,0,0,0,0,0,0,0,0,0,0,0,0,0,0,0,0,0,0,0,0,0,1,0,0,0,0,0,0,0,0,0,0,0,0,0,0,0,0,0,0,0,0,0,0,0,0,1,0,0,0,0,0,0,0,0,0,0,0,0,0,0,0,0,0,0,0,0,0,0,0,0,0,0,0,0,0,0,0,0,0,0,0,0,0,0,0,0,0,0,0,0,0,0,0,0,0,0,0,0,0,0,0,0,0,0
2/22/20,0,0,0,0,0,0,0,0,0,0,0,0,0,0,0,0,0,0,0,0,0,0,0,0,0,0,0,0,0,0,0,0,0,0,0,0,0,0,0,0,0,0,0,0,0,0,0,0,0,6,4,6,1,2,5,2,2,4,6,12,19,2,2346,4,0,0,1,1,1,0,0,0,1,4,3,0,3,3,0,2,2,1,0,0,0,0,0,0,2,0,0,0,0,0,0,0,0,0,0,0,0,0,0,0,0,0,0,0,0,0,0,0,0,0,0,0,1,0,0,0,0,0,0,0,0,0,0,0,0,0,0,0,0,5,0,0,0,2,0,1,0,0,0,2,0,0,0,0,0,0,0,0,0,0,0,0,0,0,0,0,0,0,0,0,0,0,0,0,0,0,0,0,0,0,0,0,0,0,0,0,0,0,1,0,0,0,0,0,0,0,0,0,0,0,0,0,0,0,0,0,0,0,0,0,0,0,0,1,0,0,0,0,0,0,0,0,0,0,0,0,0,0,0,0,0,0,0,0,0,0,0,0,0,0,0,0,0,0,0,0,0,0,0,0,0,0,0,0,0,0,0,0,0,0,0,0,0,0,0,0,0,0,0,0,0,0
2/23/20,0,0,0,0,0,0,0,0,0,0,0,0,0,0,0,0,0,0,0,0,0,0,0,0,0,0,0,0,0,0,0,0,0,0,0,0,0,0,0,0,0,0,0,0,0,0,0,0,0,6,4,6,1,2,6,2,2,5,6,12,19,2,2346,4,0,0,1,1,1,0,0,0,1,4,3,0,3,3,0,2,2,1,0,0,0,0,0,0,3,0,0,0,0,0,0,0,0,0,0,0,0,0,0,0,0,0,0,0,0,0,0,0,0,0,0,0,1,0,0,0,0,0,0,0,0,0,0,0,0,0,0,0,0,8,0,0,0,3,0,1,0,0,0,6,0,0,0,0,0,0,0,0,0,0,0,0,0,0,0,0,0,0,0,0,0,0,0,0,0,0,0,0,0,0,0,0,0,0,0,0,0,0,1,0,0,0,0,0,0,0,0,0,0,0,0,0,0,0,0,0,0,0,0,0,0,0,0,1,0,0,0,0,0,0,0,0,0,0,0,0,0,0,0,0,0,0,0,0,0,0,0,0,0,0,0,0,0,0,0,0,0,0,0,0,0,0,0,0,0,0,0,0,0,0,0,0,0,0,0,0,0,0,0,0,0,0
2/24/20,0,0,0,0,0,0,0,0,0,0,0,0,0,0,0,0,0,0,0,0,0,0,0,0,0,0,0,0,0,0,0,0,0,0,0,0,0,0,0,0,0,0,0,0,0,0,0,0,0,6,4,6,1,2,6,2,2,5,6,12,19,2,2495,4,0,0,1,1,1,0,0,0,1,5,3,0,3,3,0,2,2,1,0,0,0,0,0,0,3,0,0,0,0,0,0,0,0,0,0,0,0,0,0,0,0,0,0,0,0,0,0,0,0,0,0,0,1,0,0,0,0,0,0,0,0,0,0,0,0,0,0,0,0,12,0,0,0,7,0,1,0,0,0,8,0,0,0,0,0,0,0,0,0,0,0,0,0,0,0,0,0,0,0,0,0,0,0,0,0,0,0,0,0,0,0,0,0,0,0,0,0,0,1,0,0,0,0,0,0,0,0,0,0,0,0,0,0,0,0,0,0,0,0,0,0,0,0,1,0,0,0,0,0,0,0,0,0,0,0,0,0,0,0,0,0,0,0,0,0,0,0,0,0,0,0,0,0,0,0,0,0,0,0,0,0,0,0,0,0,0,0,0,0,0,0,0,0,0,0,0,0,0,0,0,0,0
2/25/20,0,0,0,0,0,0,0,0,0,0,0,0,0,0,0,0,0,0,0,0,0,0,0,0,0,0,0,0,0,0,0,0,0,0,0,0,0,0,0,0,0,0,0,0,0,0,0,0,0,6,4,6,1,2,7,2,2,5,6,12,19,2,2563,4,0,0,1,1,1,0,0,0,1,6,3,0,3,3,0,2,2,1,0,0,0,0,0,0,3,0,0,0,0,0,0,0,0,0,0,0,0,0,0,0,0,0,0,0,0,0,0,0,0,0,0,0,1,0,0,0,0,0,0,0,0,0,0,0,0,0,0,0,0,16,0,0,0,10,0,1,0,0,0,10,0,0,0,0,0,0,0,0,0,0,0,0,0,0,0,0,0,0,0,0,0,0,0,0,0,0,0,0,0,0,0,0,0,0,0,0,0,0,1,0,0,0,0,0,0,0,0,0,0,0,0,0,0,0,0,0,0,0,0,0,0,0,0,1,0,0,0,0,0,0,0,0,0,0,0,0,0,0,0,0,0,0,0,0,0,0,0,0,0,0,0,0,0,0,0,0,0,0,0,0,0,0,0,0,0,0,0,0,0,0,0,0,0,0,0,0,0,0,0,0,0,0
2/26/20,0,0,0,0,0,0,0,0,0,0,0,0,0,0,0,0,0,0,0,0,0,0,0,0,0,0,0,0,0,0,0,0,0,0,0,0,0,0,0,0,0,0,0,0,0,0,0,0,0,6,4,6,1,2,7,2,2,5,6,12,19,2,2615,4,0,0,1,1,1,0,0,0,1,6,3,0,3,3,0,2,2,1,0,0,0,0,0,0,4,0,0,0,0,0,0,0,0,0,0,0,0,0,0,0,0,0,0,0,0,0,0,0,0,0,0,0,2,0,0,0,0,0,0,0,0,0,0,0,0,0,0,0,0,19,0,0,0,12,0,2,0,0,0,12,0,0,0,0,0,0,0,0,0,0,0,0,0,0,0,0,0,0,0,0,0,0,0,0,0,0,0,0,0,0,0,0,0,0,0,0,0,0,1,0,0,0,0,0,0,0,0,0,0,0,0,0,0,0,0,0,0,0,0,0,0,0,0,1,0,0,0,0,0,0,0,0,0,0,0,0,0,0,0,0,0,0,0,0,0,0,0,0,0,0,0,0,0,0,0,0,0,0,0,0,0,0,0,0,0,0,0,0,0,0,0,0,0,0,0,0,0,0,0,0,0,0
2/27/20,0,0,0,0,0,0,0,0,0,0,0,0,0,0,0,0,0,0,0,0,0,0,0,0,0,0,0,0,0,0,0,0,0,0,0,0,0,0,0,0,0,0,0,0,0,0,0,0,0,6,5,6,1,2,7,2,2,5,6,13,20,2,2641,4,0,0,1,1,1,0,0,0,1,6,3,0,3,3,0,2,2,1,0,0,0,0,0,0,4,0,0,0,0,0,0,0,0,0,0,0,0,0,0,0,0,0,0,0,0,0,0,0,0,0,0,0,2,0,0,0,0,0,0,0,0,0,0,0,0,0,0,0,0,26,0,0,0,17,0,4,0,0,0,13,0,0,0,0,0,0,0,0,0,0,0,0,0,0,0,0,0,0,0,0,0,0,0,0,0,0,0,0,0,0,0,0,0,0,0,0,0,0,1,0,0,0,0,0,0,0,0,0,0,0,0,0,0,0,0,0,0,0,0,0,0,0,0,1,0,0,0,0,0,0,0,0,0,0,0,0,0,0,0,0,0,0,0,0,0,0,0,0,0,0,0,0,0,0,0,0,0,0,0,0,0,0,0,0,0,0,0,0,0,0,0,0,0,0,0,0,0,0,0,0,0,0
2/28/20,0,0,0,0,0,0,0,0,0,0,0,0,0,0,0,0,0,0,0,0,0,0,0,0,0,0,0,0,0,0,0,0,0,0,0,0,0,0,0,0,0,0,0,0,0,0,0,0,0,6,7,6,1,2,7,2,2,5,6,13,20,2,2682,4,0,0,1,1,1,0,0,0,1,6,3,0,3,3,0,3,2,1,0,0,0,0,0,0,6,0,0,0,0,0,0,0,0,0,0,0,0,0,0,0,0,0,0,0,0,0,0,0,0,0,0,0,2,0,0,0,0,0,0,0,0,0,0,0,0,0,0,0,0,34,0,0,0,21,0,4,0,0,0,13,0,0,0,0,0,0,0,0,0,0,0,0,0,0,0,0,0,0,0,0,0,0,0,0,0,0,0,0,0,0,0,0,0,0,0,0,0,0,1,0,0,0,0,0,0,0,0,0,0,0,0,0,0,0,0,0,0,0,0,0,0,0,0,1,0,0,0,0,0,0,0,0,0,0,0,0,0,0,0,0,0,0,0,0,0,0,0,0,0,0,0,0,0,0,0,0,0,0,0,0,0,0,0,0,0,0,0,0,0,0,0,0,0,0,0,0,0,0,0,0,0,0
2/29/20,0,0,0,0,0,0,0,0,0,0,0,0,0,0,0,0,0,0,0,0,0,0,0,0,0,0,0,0,0,0,0,0,0,0,0,0,0,0,0,0,0,0,0,0,0,0,0,0,0,6,8,6,1,2,7,2,2,5,6,13,21,2,2727,4,0,0,1,1,1,0,0,0,1,6,3,0,3,3,0,3,2,1,0,0,0,0,0,0,6,0,0,0,0,0,0,0,0,0,0,0,0,0,0,0,0,0,0,0,0,0,0,0,0,0,0,0,2,0,0,0,0,0,0,0,0,0,0,0,0,0,0,0,0,43,0,0,0,29,0,5,0,0,0,16,0,0,0,0,0,0,0,0,0,0,0,0,0,0,0,0,0,0,0,0,0,0,0,0,0,0,0,0,0,0,0,0,0,0,0,0,0,0,1,0,0,0,0,0,0,0,0,0,0,0,0,0,0,0,0,0,0,0,0,0,0,0,0,1,0,0,0,0,0,0,0,0,0,0,0,0,0,0,0,0,0,1,0,0,0,0,0,0,0,0,0,0,0,0,0,0,0,0,0,0,0,0,0,0,0,0,0,0,0,0,0,0,0,0,0,0,0,0,0,0,0,0
3/1/20,0,0,0,0,0,0,0,0,0,0,0,0,0,0,0,1,0,0,0,0,0,0,0,0,0,0,0,0,0,0,0,0,0,0,0,0,0,0,0,0,0,0,0,0,0,0,0,0,0,6,8,6,1,2,7,2,2,5,6,13,22,2,2761,4,0,0,1,1,1,0,0,0,1,6,3,0,3,3,0,3,2,1,0,0,0,0,0,0,6,0,0,0,0,0,0,0,0,0,0,0,0,0,0,0,0,0,0,0,0,0,0,0,0,0,0,0,2,0,0,0,0,0,0,0,0,0,0,0,0,0,0,0,0,54,0,0,0,34,0,6,0,0,0,17,0,0,0,0,0,0,0,0,0,0,0,0,0,0,0,0,0,0,0,0,0,0,0,0,0,0,0,0,0,0,0,0,0,0,0,0,0,0,1,0,0,0,0,0,0,0,0,0,0,0,0,0,0,0,0,0,0,0,0,0,0,0,0,1,0,1,0,0,0,0,0,0,0,0,0,0,0,0,0,0,0,1,0,0,0,0,0,0,0,0,0,0,0,0,0,0,0,0,0,0,0,0,0,0,0,0,0,0,0,0,0,0,0,0,0,0,0,0,0,0,0,0
3/2/20,0,0,0,0,0,0,0,0,0,0,0,0,0,0,0,1,0,0,0,0,0,0,0,0,0,0,0,0,0,0,0,0,0,0,0,0,0,0,0,0,0,0,0,0,0,0,0,0,0,6,8,6,1,2,7,2,2,5,6,13,22,2,2803,4,0,0,1,1,1,0,0,0,1,6,3,0,3,3,0,3,2,1,0,0,0,0,0,0,6,0,0,0,0,0,0,0,0,0,0,0,0,0,0,0,0,0,0,0,0,0,0,0,0,0,0,0,3,0,0,0,0,0,0,0,0,0,0,0,0,0,0,0,0,66,0,0,0,52,0,6,0,0,0,28,0,0,0,0,0,0,0,0,0,0,0,0,0,0,0,0,0,0,0,0,0,0,0,0,0,0,0,0,0,0,0,0,0,0,0,0,0,0,1,0,0,0,0,0,0,0,0,0,0,0,0,0,0,0,0,0,0,0,0,0,0,0,0,1,0,1,0,0,0,0,0,0,0,0,0,0,0,0,0,0,0,6,0,0,0,0,0,0,0,0,0,0,0,0,0,0,0,0,0,0,0,0,0,0,0,0,0,0,0,0,0,0,0,0,0,0,0,0,0,0,0,0
3/3/20,0,0,0,0,0,0,0,0,0,0,0,0,0,0,0,1,0,0,0,0,0,0,0,0,0,0,0,0,0,0,0,0,0,0,0,0,0,0,0,0,0,0,0,0,0,0,0,0,0,6,8,6,1,2,7,2,2,5,6,13,22,2,2835,4,1,0,1,1,1,0,0,0,1,6,3,0,3,3,0,3,2,1,0,0,0,0,0,0,6,0,0,0,0,0,0,0,0,0,0,0,0,0,0,0,0,0,0,0,0,0,0,0,0,0,0,0,4,0,0,0,0,0,0,0,0,0,0,0,0,0,0,0,0,77,0,0,0,79,0,6,0,0,0,28,0,0,0,0,0,0,0,0,0,0,0,0,0,0,0,0,0,0,0,0,0,0,0,0,0,0,0,0,0,0,0,0,0,0,0,0,0,0,1,0,0,0,0,0,0,0,0,1,0,0,0,0,0,0,0,0,0,1,0,0,0,0,0,1,0,1,0,0,0,0,0,0,0,0,0,0,0,0,0,0,0,7,0,0,0,0,0,0,0,0,0,0,0,0,0,0,0,0,0,0,0,0,0,0,0,0,0,0,0,0,0,0,0,0,0,0,0,0,0,0,0,0
3/4/20,0,0,0,0,0,0,0,0,0,1,0,0,0,0,0,1,0,0,0,0,0,0,0,0,0,0,0,0,0,0,0,0,0,0,0,0,0,0,0,0,0,0,0,0,0,0,0,0,0,6,8,6,1,2,7,2,2,5,6,13,22,2,2871,4,1,0,1,1,1,0,0,0,1,6,3,0,3,3,0,3,2,1,0,0,0,0,0,0,6,0,0,0,0,0,0,0,0,0,0,0,0,0,0,0,0,0,0,0,0,0,0,0,0,0,0,0,4,0,0,0,0,0,0,0,0,0,0,0,0,0,0,0,0,92,2,0,0,107,0,6,0,0,0,35,0,0,0,0,0,0,0,0,0,0,0,0,0,0,0,0,0,0,0,0,0,0,0,0,0,0,0,0,0,0,0,0,0,0,0,0,0,0,1,0,0,0,0,0,0,0,0,1,0,0,0,0,0,0,0,0,0,2,0,0,0,0,0,1,0,1,0,0,0,0,0,0,0,0,0,0,0,0,0,0,0,11,0,0,0,0,0,0,0,0,0,0,0,0,0,0,0,0,0,0,0,0,0,0,0,0,0,0,0,0,0,0,0,0,0,0,0,0,0,0,0,0
3/5/20,0,0,0,0,0,0,0,0,0,1,0,0,0,0,0,1,0,0,0,0,0,0,0,0,0,0,0,0,0,0,0,0,0,0,0,0,0,0,0,0,0,0,0,0,0,0,0,0,0,6,8,6,1,2,7,2,2,6,6,13,22,2,2902,4,1,0,1,1,1,0,0,0,1,6,3,0,3,3,0,3,2,1,0,0,0,0,0,0,6,0,0,0,0,0,0,0,0,0,0,0,0,0,0,0,0,0,0,0,0,0,0,0,0,0,0,0,6,0,0,0,0,0,0,0,0,0,0,0,0,0,0,0,0,107,2,0,0,148,0,6,0,0,0,35,0,0,0,0,0,0,0,0,0,0,0,0,0,0,0,0,0,0,0,0,0,0,0,0,0,0,0,0,0,0,0,0,0,0,0,0,0,0,1,0,0,0,0,0,0,0,0,1,0,0,0,0,0,0,0,0,0,3,0,0,0,0,1,1,0,1,0,0,0,0,0,0,0,0,0,0,0,0,0,0,0,12,0,0,0,0,0,0,0,0,0,0,0,0,0,0,0,0,0,0,0,0,0,0,0,0,0,0,0,0,0,0,0,0,0,0,0,0,0,0,0,0
3/6/20,0,0,0,0,0,0,0,0,0,1,0,0,0,0,0,1,0,0,0,0,0,0,0,0,0,0,0,0,0,0,0,0,0,0,0,0,0,0,0,0,0,0,0,0,0,0,0,0,0,6,8,6,1,2,7,2,2,6,6,13,22,2,2931,4,1,0,1,1,1,0,0,0,1,6,3,0,3,3,0,3,2,1,0,0,0,0,0,0,6,0,0,0,0,0,0,0,0,0,0,0,0,0,0,0,0,0,0,0,0,0,0,0,0,0,0,0,9,0,0,0,0,0,0,0,0,0,0,0,0,0,0,0,0,124,3,0,0,197,0,6,0,0,0,42,0,0,0,0,0,0,0,0,0,0,0,0,0,0,0,0,0,0,0,0,0,0,0,0,0,1,0,0,0,0,0,0,0,0,0,0,0,0,1,0,0,0,0,0,0,0,0,1,0,0,0,0,0,0,0,0,0,5,0,0,0,0,1,1,0,1,0,0,0,0,0,0,0,0,0,0,0,0,0,1,0,14,0,0,0,0,0,0,0,0,0,0,0,0,0,0,0,0,0,0,0,0,0,0,0,0,0,0,0,0,0,0,0,0,0,0,0,0,0,0,0,0
3/7/20,0,0,0,0,0,0,0,0,0,1,0,0,0,0,0,1,0,0,0,0,0,0,0,0,0,0,0,0,0,0,0,0,0,0,0,0,0,0,0,0,0,0,0,0,0,0,0,0,0,6,8,6,1,2,7,2,2,6,6,13,22,2,2959,4,1,0,1,1,1,0,0,0,1,6,3,0,3,3,0,3,2,1,0,0,0,0,0,0,6,0,0,0,0,0,0,0,0,0,0,0,0,0,0,0,0,0,0,0,0,0,0,0,0,0,0,0,11,0,0,0,0,0,0,0,0,0,0,0,0,0,0,0,0,145,4,0,0,233,0,6,0,0,0,44,0,0,0,0,0,0,0,0,0,0,0,0,0,0,0,0,0,0,0,0,0,0,0,0,0,1,0,0,0,0,0,0,0,0,0,0,0,0,1,0,0,0,0,0,0,0,0,1,0,0,0,0,0,0,0,0,0,10,0,0,0,0,1,1,0,1,0,0,0,0,0,0,0,0,0,0,0,0,0,2,0,17,0,0,0,0,0,0,0,0,0,0,0,0,0,0,0,0,0,0,0,0,0,0,0,0,0,0,0,0,0,0,0,0,0,0,0,0,0,0,0,0
3/8/20,0,0,0,0,0,0,1,0,0,2,0,0,0,0,0,1,0,0,0,0,0,0,0,0,0,0,0,0,0,0,0,0,0,0,0,0,0,0,0,0,0,0,0,0,0,0,0,0,0,6,8,6,1,2,7,2,2,6,6,13,22,3,2986,4,1,0,1,1,1,0,0,0,1,6,3,0,3,3,0,3,2,1,0,0,0,0,0,0,6,0,0,0,0,0,0,0,0,0,1,0,0,0,0,0,0,0,0,0,0,0,0,0,0,0,0,0,19,0,0,0,0,0,0,0,0,0,0,0,0,0,0,0,0,194,6,0,0,366,0,6,0,0,0,50,0,0,0,0,0,0,0,0,0,0,0,0,0,0,0,0,0,0,0,0,0,0,0,0,0,3,0,0,0,0,0,0,0,0,0,0,0,0,1,0,0,0,0,0,0,0,0,1,0,0,0,0,0,0,0,0,0,17,0,0,0,0,2,1,0,1,0,0,0,0,0,0,0,0,0,0,0,0,0,2,0,21,0,0,0,0,0,0,0,0,0,0,0,0,0,0,0,0,0,0,0,0,0,0,0,0,0,0,0,0,0,0,0,0,0,0,0,0,0,0,0,0
3/9/20,0,0,0,0,0,0,1,0,0,2,0,0,0,0,0,1,0,0,0,0,0,0,0,0,0,0,0,0,0,0,0,0,0,0,0,0,1,0,0,0,0,0,0,0,0,0,0,0,0,6,8,6,1,2,8,2,2,6,6,13,22,3,3008,4,1,0,1,1,1,0,0,0,1,6,3,0,3,3,0,3,2,1,0,0,0,0,0,0,6,0,0,0,0,0,0,0,0,0,1,0,0,0,0,0,0,0,0,0,0,0,0,0,0,0,0,0,19,0,0,0,2,0,0,0,0,0,0,0,0,0,0,0,0,237,6,0,0,463,0,10,0,0,0,53,0,0,0,0,0,0,0,0,0,0,0,0,0,0,0,0,0,0,0,0,0,0,0,0,0,3,0,0,0,0,0,0,0,0,0,0,0,0,1,0,0,0,0,0,0,0,0,1,0,0,0,0,0,0,0,0,0,28,0,0,0,0,2,1,0,1,0,0,0,0,0,0,0,0,0,0,0,0,0,3,0,22,0,0,0,0,0,0,0,0,0,0,0,0,0,0,0,0,0,0,0,0,0,0,0,0,0,0,0,0,0,0,0,0,0,0,0,0,0,0,0,0
3/10/20,0,0,0,0,0,0,1,0,0,2,0,0,0,0,0,1,0,0,0,0,0,0,0,0,0,0,0,0,0,0,0,0,0,0,0,0,1,0,0,0,0,0,0,0,0,0,0,0,0,6,8,6,1,2,8,2,2,6,6,13,22,3,3024,4,1,0,1,1,1,0,0,0,1,6,3,0,3,3,0,3,2,1,0,0,0,0,0,0,6,0,0,0,0,0,0,0,0,0,1,0,0,0,0,0,0,0,0,0,0,0,0,0,0,0,0,0,33,0,0,0,2,0,0,0,0,0,0,0,0,0,0,0,0,291,7,0,0,631,0,10,0,0,0,54,0,0,0,1,0,0,0,0,0,0,0,0,0,0,0,0,0,0,0,1,0,0,0,0,0,4,0,0,0,0,0,0,0,0,0,0,0,0,1,0,0,0,0,0,0,0,0,2,0,0,0,0,0,0,0,0,0,35,0,0,0,0,3,1,0,1,0,0,0,0,0,0,0,0,0,0,0,0,0,7,0,28,0,0,0,0,0,0,0,0,0,0,0,0,0,0,0,0,0,0,0,0,0,0,0,0,0,0,0,0,0,0,0,0,0,0,0,0,0,0,0,0
3/11/20,0,1,0,0,0,0,1,0,0,2,0,0,0,0,0,1,0,0,0,0,0,0,0,3,0,0,0,0,0,0,1,0,0,0,0,0,1,0,0,0,0,0,0,0,0,0,0,0,0,6,8,6,1,2,8,2,2,6,6,13,22,3,3046,4,1,0,1,1,1,0,0,0,1,6,3,0,3,3,0,3,2,1,0,0,0,0,0,0,7,0,0,0,0,0,0,0,0,0,1,0,0,0,0,0,0,0,0,0,0,0,0,0,0,0,0,0,48,0,0,0,3,0,1,0,0,0,0,0,0,0,0,1,1,354,7,1,0,827,0,15,0,0,0,60,0,0,0,3,0,0,0,0,0,0,0,0,0,0,0,0,0,0,0,1,0,0,0,0,0,5,0,0,0,0,0,0,0,0,1,0,0,0,1,0,0,0,0,0,0,0,0,2,0,0,0,0,0,0,0,0,0,54,0,0,0,1,4,1,0,1,0,0,0,0,0,0,0,0,0,0,0,0,0,7,0,36,0,0,0,0,0,0,0,0,0,0,0,0,0,0,0,0,0,0,0,0,0,0,0,0,0,0,0,0,0,0,0,0,0,0,0,0,0,0,0,0
3/12/20,0,1,1,0,0,0,1,0,0,2,0,0,0,0,0,1,1,0,0,0,0,0,0,3,0,0,0,0,0,0,1,0,0,0,0,0,1,0,0,0,0,0,0,0,0,0,0,0,0,6,8,6,1,2,8,2,2,6,6,13,22,3,3056,4,1,0,1,1,1,0,0,0,2,6,3,0,3,3,0,3,2,1,0,0,0,0,0,0,7,0,0,0,0,0,0,0,0,0,1,0,0,0,0,0,0,0,0,0,0,0,0,0,0,0,0,0,48,0,0,0,3,0,1,0,0,1,0,0,0,0,0,1,1,429,8,1,0,1016,0,16,0,0,0,66,0,0,0,3,0,0,0,0,0,0,0,0,0,0,0,0,0,0,0,1,0,0,0,0,0,5,0,0,0,0,0,0,0,0,1,0,0,0,2,1,0,0,0,0,0,0,0,3,0,0,0,0,0,0,0,0,0,55,0,0,0,1,4,1,0,1,0,0,0,0,0,0,0,0,0,0,0,0,0,9,0,42,0,0,0,0,0,0,0,0,0,0,0,0,0,0,0,0,0,0,0,0,0,0,0,0,0,0,0,0,0,0,0,0,0,0,0,0,0,0,0,0
3/13/20,0,1,2,0,0,0,2,0,0,2,0,0,0,0,0,1,1,1,0,0,0,0,0,3,0,0,0,0,0,0,1,0,0,0,0,0,1,0,0,0,0,0,0,0,0,0,0,0,0,6,8,6,1,2,8,2,2,6,6,13,22,4,3062,4,1,0,1,1,1,0,0,0,2,7,3,0,3,3,0,3,2,1,0,0,0,0,0,0,7,0,0,0,0,0,0,0,0,0,2,0,0,0,0,0,0,0,0,0,0,0,0,0,0,0,0,0,79,0,0,0,7,0,1,0,0,1,0,0,0,0,0,2,4,514,9,1,0,1266,0,19,0,0,0,66,0,0,0,3,0,0,0,0,0,0,0,0,0,0,0,0,0,0,0,1,0,0,0,0,0,10,0,0,0,0,0,0,0,0,1,0,0,0,5,2,0,0,0,0,0,0,0,5,0,0,0,0,0,0,0,0,0,133,0,1,0,1,11,1,0,1,0,0,0,0,0,1,0,0,0,0,0,0,0,10,0,50,0,0,0,0,0,0,0,0,0,0,0,0,0,0,0,0,0,0,0,0,0,0,0,0,0,0,0,0,0,0,0,0,0,0,0,0,0,0,0,0
3/14/20,0,1,3,0,0,0,2,0,0,2,0,0,0,0,0,1,1,1,0,0,0,0,0,4,0,0,0,0,0,0,2,0,0,0,0,0,1,0,0,0,0,0,0,0,0,0,0,0,0,6,8,6,1,2,8,2,2,6,6,13,22,4,3075,4,1,0,1,1,1,0,0,0,2,7,3,0,3,3,0,3,2,1,0,0,0,0,0,0,7,0,0,0,0,0,1,0,0,2,2,0,0,0,0,0,0,0,0,0,0,0,0,0,0,0,0,0,91,0,0,0,9,0,3,0,0,1,0,0,0,0,0,2,5,611,10,2,0,1441,0,22,0,0,0,72,0,0,0,3,0,0,0,1,0,0,0,0,0,0,0,0,0,0,0,1,0,0,0,0,0,12,0,0,0,0,0,3,0,0,1,0,0,0,8,3,0,0,0,0,0,0,0,5,0,0,0,0,0,0,1,0,0,195,0,1,0,2,13,1,0,1,0,0,0,0,0,1,0,0,0,0,0,0,0,28,0,60,0,0,0,0,0,0,0,0,0,0,0,0,0,0,0,0,0,0,0,0,0,0,0,0,0,0,0,0,0,0,0,0,0,0,0,0,0,0,0,0
3/15/20,0,1,4,0,0,0,2,0,0,2,0,0,0,0,0,1,1,1,0,0,0,0,0,4,0,0,0,0,0,0,2,0,0,0,0,0,1,0,0,0,0,0,0,0,0,0,0,0,0,6,8,6,1,2,8,2,2,6,6,13,22,4,3085,4,1,0,1,1,1,0,0,0,2,7,3,0,3,3,0,3,2,1,0,0,0,0,0,0,7,0,0,0,0,0,2,0,0,2,2,0,0,0,0,0,0,0,0,0,0,0,0,0,0,0,0,0,91,0,0,0,11,0,4,0,0,1,0,0,0,1,5,2,5,724,10,2,0,1809,0,22,0,0,0,75,0,0,0,3,0,0,0,1,0,0,0,0,0,0,0,0,0,0,0,1,0,0,0,0,0,20,0,0,0,0,0,3,0,0,1,0,0,0,11,3,0,0,0,0,0,0,0,5,0,0,0,0,0,0,1,0,0,289,0,1,0,3,14,1,0,1,0,0,0,0,0,1,0,0,0,0,0,0,0,43,0,74,0,0,0,0,0,0,0,0,0,0,0,0,0,0,0,0,0,0,0,0,0,0,0,0,0,0,0,0,0,0,0,0,0,0,0,0,0,0,0,0
3/16/20,0,1,4,0,0,0,2,0,0,2,0,0,0,0,0,1,3,1,0,1,0,0,0,5,0,0,0,0,0,0,2,0,0,0,0,0,4,0,0,0,0,0,0,0,0,0,0,0,0,6,8,6,1,2,8,2,2,6,6,13,22,4,3099,4,1,0,1,1,1,0,0,0,2,7,3,0,3,3,0,3,2,1,0,0,0,0,0,0,7,0,0,0,0,0,3,0,0,2,2,0,0,0,0,0,0,0,0,0,0,0,0,0,0,0,0,1,148,0,0,0,17,0,4,1,0,1,0,0,0,1,0,2,5,853,10,2,0,2158,0,27,0,0,0,75,0,0,0,3,0,0,0,1,0,0,0,0,0,0,0,0,0,0,0,1,0,0,0,0,0,24,0,0,0,0,0,3,0,0,1,0,0,0,12,4,0,0,0,0,0,0,0,7,0,0,0,0,0,0,1,0,0,342,0,1,0,6,14,1,0,1,0,0,0,0,0,1,0,0,1,0,0,0,0,65,0,100,0,0,0,0,0,0,0,0,0,0,0,0,0,0,0,0,0,0,0,0,0,0,0,0,0,0,0,0,0,0,0,0,0,0,0,0,0,0,0,0
3/17/20,0,1,4,0,0,0,2,0,0,4,0,0,0,0,0,1,3,1,0,1,0,0,0,10,0,0,0,0,1,0,2,0,0,0,0,0,4,0,0,0,0,0,1,0,0,0,0,0,0,6,8,6,1,2,8,2,2,6,6,13,22,4,3111,4,1,0,1,1,1,0,0,0,3,7,3,0,3,3,0,3,2,1,0,0,0,0,0,0,7,0,0,0,0,0,4,0,1,2,4,0,0,0,0,0,0,0,0,0,0,0,0,0,0,0,0,1,148,0,0,0,24,0,5,1,0,1,0,0,0,1,1,3,5,988,11,2,0,2503,0,29,0,0,0,81,0,0,0,3,0,0,0,1,0,2,0,0,0,0,0,0,0,0,0,2,0,0,0,0,0,43,0,0,0,0,0,3,0,0,1,0,0,0,12,5,1,0,0,0,0,0,0,7,0,0,0,0,0,0,1,0,0,533,0,1,0,7,27,1,0,1,0,0,0,1,0,2,0,0,1,0,0,0,0,81,0,134,0,0,0,0,0,0,0,0,0,0,0,0,0,0,0,0,0,0,0,0,0,0,0,0,0,0,0,0,0,0,0,0,0,0,0,0,0,0,0,0
3/18/20,0,2,7,0,0,0,2,0,0,5,0,0,0,0,0,1,4,1,0,1,1,0,0,14,0,0,0,0,3,0,2,1,0,0,0,0,7,0,0,0,0,0,1,0,0,0,0,0,0,6,8,6,1,2,8,2,2,6,6,13,22,4,3122,4,1,0,1,1,1,0,0,0,3,7,3,0,3,3,0,3,2,1,0,0,0,0,0,0,7,1,0,0,0,0,4,0,1,2,6,0,0,0,0,0,0,0,0,0,0,0,0,0,0,0,0,1,148,0,0,0,28,0,5,1,0,1,0,0,0,1,1,3,19,1135,12,2,0,2978,0,29,0,0,0,84,0,0,0,3,0,0,0,2,0,2,0,0,0,0,0,1,0,0,0,2,0,0,0,0,0,58,0,0,0,0,0,6,0,0,1,0,0,0,19,5,2,0,0,0,0,0,0,11,0,0,0,0,0,1,1,0,0,623,0,1,0,10,28,1,0,1,0,0,0,1,0,2,0,0,1,0,0,0,0,115,0,165,0,0,0,0,0,0,0,0,0,0,0,0,0,0,0,0,0,0,0,0,0,0,0,0,0,0,0,0,0,0,0,0,0,0,0,0,0,0,0,0
3/19/20,0,2,9,0,0,0,3,0,0,5,0,0,0,0,0,1,6,1,0,1,1,0,0,21,0,0,0,0,6,0,3,1,0,0,0,0,7,0,0,0,0,0,1,0,1,0,0,0,0,6,8,6,1,2,8,2,2,6,6,13,22,4,3130,4,1,0,1,1,1,0,0,0,3,7,3,0,3,3,0,3,2,1,0,0,0,1,0,1,7,1,0,0,0,0,6,0,2,3,6,0,0,0,0,0,0,0,0,0,0,0,0,0,0,0,0,1,243,0,0,0,44,0,6,1,0,1,0,0,0,1,1,4,25,1284,13,3,0,3405,1,29,0,0,0,91,0,0,0,4,0,0,0,4,0,2,0,0,0,0,1,1,0,0,0,2,0,0,0,1,0,76,0,0,0,0,0,7,0,2,1,0,0,0,17,5,3,0,0,1,0,0,0,11,0,0,0,0,0,1,1,0,0,830,0,1,0,11,41,1,0,1,0,0,1,3,0,2,0,0,1,0,0,0,0,158,0,259,0,0,0,0,0,0,0,0,0,0,0,0,0,0,0,0,0,0,0,0,0,0,0,0,0,0,0,0,0,0,0,0,0,0,0,0,0,0,0,0
3/20/20,0,2,11,0,0,0,3,0,0,6,0,0,0,0,0,1,6,1,0,1,1,0,0,37,0,0,0,0,11,0,3,1,0,0,0,1,8,0,0,0,0,0,2,0,1,0,0,0,0,6,8,6,1,2,8,2,2,6,6,13,22,4,3133,4,1,0,1,1,2,0,0,0,3,7,3,0,3,3,0,3,2,1,0,0,0,1,0,1,7,1,0,0,0,0,9,0,2,5,8,0,0,0,0,0,0,0,0,0,0,0,0,0,0,0,0,1,450,1,0,0,67,0,6,1,0,1,0,0,0,3,0,5,32,1433,17,3,0,4032,1,33,0,3,0,94,0,0,0,4,0,0,0,4,0,3,0,0,0,0,2,1,0,0,0,3,0,0,0,1,0,106,0,0,0,0,0,7,0,3,1,0,0,3,18,5,6,0,0,1,0,0,0,14,0,0,1,0,0,1,1,0,0,1043,0,1,0,16,54,2,0,1,0,0,1,4,0,3,2,0,1,0,0,0,0,194,0,350,0,0,0,0,0,0,0,0,0,0,0,0,0,0,0,0,0,0,0,0,0,0,0,0,0,0,0,0,0,0,0,0,0,0,0,0,0,0,0,0
3/21/20,0,2,15,0,0,0,4,0,0,6,0,0,0,0,0,1,8,1,0,1,2,0,0,67,0,0,0,1,15,0,3,2,0,0,0,1,10,0,0,0,0,0,3,0,5,0,0,0,0,6,8,6,1,2,8,2,2,6,6,13,22,4,3139,4,1,0,1,1,2,0,0,0,3,7,3,0,3,3,0,3,2,1,0,0,1,2,0,1,8,1,0,0,0,0,13,0,2,7,10,0,0,0,0,0,0,0,1,0,0,0,0,0,0,0,0,1,562,1,0,0,84,1,13,1,0,1,0,0,0,4,1,4,38,1556,17,3,1,4825,1,35,0,0,0,102,0,0,0,4,0,0,1,8,0,4,0,0,0,1,2,1,0,0,0,3,0,0,0,1,0,136,0,0,0,0,0,7,0,3,1,0,1,5,19,5,12,0,0,1,0,0,0,20,0,0,1,0,2,1,1,0,0,1375,0,1,0,20,75,2,0,1,0,0,1,9,0,3,2,0,1,0,0,0,0,250,0,442,0,0,0,0,0,0,0,0,0,0,0,0,0,0,0,0,0,0,0,0,0,0,0,0,0,0,0,0,0,0,0,0,0,0,0,0,0,0,0,0
3/22/20,1,2,17,1,0,0,4,0,0,6,0,0,0,0,0,1,16,1,0,2,2,0,0,75,0,0,0,1,25,0,3,4,0,0,0,1,10,0,0,0,0,0,5,0,4,0,0,0,1,6,8,6,1,2,8,2,2,6,6,13,22,4,3153,4,1,0,1,1,2,0,0,0,3,7,4,0,3,3,0,3,2,1,2,0,1,2,0,1,8,1,1,1,0,0,13,0,3,14,14,0,0,0,0,0,0,0,1,0,0,1,0,0,0,0,0,1,674,1,0,0,94,1,15,1,0,1,0,0,0,6,1,7,48,1685,20,4,1,5476,1,41,0,0,0,111,0,0,0,4,0,0,1,8,0,10,0,0,0,2,3,1,0,0,0,4,0,0,0,1,0,179,0,0,0,0,1,7,0,5,3,0,1,5,25,7,14,0,3,1,0,0,0,20,0,0,2,0,2,0,2,0,0,1772,0,1,0,21,98,2,0,1,0,0,3,30,0,3,2,0,1,0,0,0,0,285,0,587,0,0,0,0,0,1,0,0,0,0,0,0,0,0,0,0,0,0,0,0,0,0,0,0,0,0,0,0,0,0,0,0,0,0,0,0,0,0,0,0
3/23/20,1,4,17,1,0,0,4,0,0,6,0,0,0,0,0,1,21,1,0,2,3,0,0,88,0,0,0,1,34,0,3,4,0,0,0,1,13,0,0,0,0,0,6,0,4,0,0,0,2,6,8,6,1,2,8,2,2,6,6,13,22,4,3153,4,1,0,1,1,2,0,0,0,3,7,4,0,3,3,0,3,2,1,3,0,1,2,0,1,8,1,1,1,0,0,24,0,3,18,19,0,0,0,0,0,0,0,1,0,0,1,0,0,0,0,0,1,860,1,1,0,123,2,17,1,0,1,0,0,0,7,1,10,49,1812,23,6,1,6077,1,42,0,0,0,111,0,0,0,4,0,0,1,8,0,14,0,0,0,2,4,1,0,0,1,4,0,0,0,1,0,213,0,0,0,1,2,10,0,6,6,0,1,5,33,8,23,0,7,1,0,0,0,20,0,0,3,0,2,0,3,0,0,2311,0,1,0,25,120,2,0,1,0,0,3,37,0,3,2,0,1,0,0,0,0,359,0,786,0,0,0,0,1,1,0,0,0,0,0,0,0,0,0,0,0,0,0,0,0,0,0,0,0,0,0,0,0,0,0,0,0,0,0,0,0,0,0,0
3/24/20,1,5,19,1,0,0,6,0,0,7,0,0,0,0,0,1,28,1,0,3,4,0,0,122,0,0,0,3,46,0,3,4,1,0,0,1,13,0,0,0,0,0,7,0,4,0,0,0,2,6,8,6,1,2,8,2,2,6,6,13,22,4,3160,4,1,0,1,1,2,0,0,0,3,7,4,0,3,3,0,3,2,1,3,0,2,2,0,1,10,1,3,3,0,0,32,0,6,27,20,0,0,0,0,0,0,0,1,0,0,1,0,0,0,0,0,1,1100,1,1,0,157,2,20,1,0,1,0,0,0,9,2,10,55,1934,27,7,3,6820,1,43,0,0,0,120,0,0,0,4,0,0,2,8,0,16,0,0,0,2,5,1,0,0,1,5,0,0,0,1,0,276,0,0,0,1,2,12,0,7,6,0,2,7,35,10,33,0,11,1,0,0,0,21,1,0,3,0,2,0,4,0,0,2808,0,1,0,36,122,2,0,4,0,0,4,44,0,3,2,0,1,0,0,0,0,508,0,1011,0,0,0,0,1,1,0,0,0,0,0,0,0,0,0,0,0,0,0,0,0,0,0,0,0,0,0,0,0,0,0,0,0,0,0,0,0,0,0,0
3/25/20,2,5,21,1,0,0,8,0,0,7,0,0,0,0,0,1,30,2,0,4,5,0,0,178,0,0,0,3,59,0,3,4,1,0,1,2,13,0,0,0,0,0,8,0,6,0,0,0,3,6,8,6,1,2,8,2,2,6,6,13,22,4,3163,4,1,0,1,1,2,0,0,0,3,7,5,0,3,3,0,3,2,1,4,0,2,2,0,1,10,1,3,6,0,0,34,0,10,28,21,0,0,0,1,0,0,0,3,0,0,1,0,0,0,0,0,1,1331,1,1,0,206,4,22,1,0,1,0,0,0,10,2,12,58,2077,29,9,5,7503,1,45,0,0,0,126,0,0,0,6,0,0,4,8,0,20,0,0,0,2,6,1,0,0,1,6,0,0,0,1,0,356,0,0,1,1,3,14,0,8,8,0,3,9,38,14,43,0,17,3,0,0,0,21,2,0,4,0,2,0,5,0,0,3647,0,1,0,62,153,2,0,4,0,1,5,59,0,5,2,0,1,0,0,0,0,694,0,1320,0,0,0,0,1,1,0,0,0,0,0,0,0,0,0,0,0,0,0,0,0,0,0,0,0,0,0,0,0,0,0,0,0,0,0,0,0,0,0,0
3/26/20,4,6,25,3,0,0,9,1,0,7,0,1,0,0,3,2,49,3,0,4,5,0,0,220,0,0,0,3,77,0,3,7,1,0,1,2,14,0,0,0,0,0,13,0,8,0,0,0,4,6,8,6,1,2,8,2,2,6,6,13,22,4,3169,4,1,0,1,1,2,0,0,0,3,7,5,0,3,3,0,3,2,1,6,0,3,2,0,3,10,2,3,9,0,0,41,0,10,34,24,0,0,0,1,0,0,0,5,0,0,1,0,0,0,0,0,1,1696,1,1,0,267,4,26,1,0,1,0,0,1,10,2,20,78,2234,36,19,8,8215,1,47,0,1,1,131,0,0,0,6,0,0,4,9,0,23,0,0,0,2,8,1,0,0,1,11,0,0,0,1,0,434,0,0,1,1,3,14,0,9,8,0,3,9,45,16,60,0,23,3,0,0,0,21,3,0,1,0,2,0,6,0,0,4365,0,1,0,77,191,2,0,4,0,1,6,75,0,5,2,0,1,1,0,0,0,877,0,1726,0,0,0,0,1,1,0,0,0,0,0,0,0,0,1,0,0,0,0,0,1,0,0,0,0,0,0,0,0,0,0,0,0,0,0,0,0,0,0,0
3/27/20,4,8,26,3,0,0,13,1,0,7,0,1,0,0,3,2,58,3,0,4,5,0,0,289,0,0,0,4,92,0,3,9,1,0,2,2,14,0,1,0,0,0,18,0,18,0,0,0,5,6,8,6,1,2,8,2,2,6,6,13,22,4,3174,4,1,0,1,1,2,0,0,0,3,7,5,0,3,3,0,3,2,1,6,0,3,2,0,3,10,2,5,9,0,0,52,0,20,36,30,0,0,0,1,0,0,0,7,0,0,1,0,0,0,0,0,1,1995,1,1,0,342,4,28,1,0,1,0,0,1,10,2,20,87,2378,40,22,12,9134,1,49,1,1,1,139,0,0,0,8,0,0,5,15,0,26,0,0,0,2,12,2,0,0,1,23,0,0,0,1,0,546,0,1,1,1,3,19,0,11,9,0,3,11,54,16,76,0,26,4,0,0,0,21,3,0,1,0,2,0,9,0,1,5138,0,1,0,105,231,2,0,5,1,2,6,92,0,5,2,0,1,1,0,0,0,1161,0,2269,1,1,0,0,1,1,0,0,0,0,0,0,0,0,1,0,0,0,0,0,1,0,0,0,0,0,0,0,0,0,0,0,0,0,0,0,0,0,0,0
3/28/20,4,10,29,3,0,0,18,1,0,8,0,1,0,0,3,2,68,4,0,4,5,0,0,353,0,0,0,5,111,1,7,11,1,0,2,2,17,0,1,0,0,0,18,0,22,0,0,0,6,6,8,6,1,2,8,2,2,6,6,13,22,4,3177,4,1,0,1,1,2,0,0,0,3,7,5,0,3,3,0,3,2,1,6,0,6,2,0,5,10,3,5,11,0,0,65,0,28,48,36,0,0,0,1,0,0,0,9,0,0,2,0,0,0,0,0,1,2314,1,1,0,433,5,32,1,0,1,0,0,1,11,2,24,102,2517,42,36,12,10023,1,52,1,1,1,144,0,0,0,8,0,0,7,18,0,27,0,0,0,2,16,2,0,0,1,25,0,0,0,1,0,639,0,1,1,1,4,23,0,12,14,0,3,16,68,18,100,1,37,4,0,0,0,22,4,0,10,0,2,0,9,0,1,5982,1,1,0,105,264,2,0,6,1,3,8,108,0,9,2,0,1,1,0,0,0,1455,1,2744,2,2,0,0,1,1,0,0,0,0,0,0,0,0,1,0,0,0,0,0,1,0,0,0,0,0,0,0,0,0,0,0,0,0,0,0,0,0,0,0
3/29/20,4,10,31,6,2,0,19,3,0,8,0,2,0,0,4,2,86,4,0,4,5,0,0,431,0,0,1,6,136,1,8,12,1,0,6,2,17,0,1,0,0,0,21,0,22,0,0,0,7,6,8,6,1,2,8,2,2,6,6,13,22,4,3182,4,1,0,1,1,2,0,0,0,3,7,5,0,3,3,0,3,2,1,10,0,6,2,1,6,10,3,5,16,0,0,72,0,39,58,40,0,0,0,3,0,0,0,11,0,0,4,0,0,0,0,0,1,2606,1,1,0,533,5,38,1,0,1,0,0,3,13,2,27,114,2640,42,46,15,10779,1,54,3,1,1,152,0,0,0,10,0,0,7,21,0,35,0,0,0,3,20,2,1,0,1,26,0,0,0,1,0,771,1,1,1,1,6,25,0,14,17,0,3,18,71,22,119,1,43,8,0,0,0,22,8,0,13,0,3,0,11,0,2,6803,1,1,0,110,300,2,0,7,1,3,8,131,0,10,3,0,1,2,0,0,0,1669,1,3420,2,2,0,0,1,1,0,0,0,1,0,0,0,0,1,0,1,0,0,0,1,0,0,0,0,0,0,0,0,0,0,0,0,0,0,0,0,0,0,0
3/30/20,4,11,35,8,2,0,23,3,1,8,0,2,0,0,4,2,108,4,0,4,5,0,0,513,0,0,4,10,159,1,8,12,1,0,6,3,19,0,1,0,1,0,31,0,22,2,0,0,8,6,8,6,1,2,8,2,2,6,6,13,22,4,3186,4,1,0,1,1,2,0,0,0,3,7,5,0,3,3,0,3,2,1,12,0,8,2,1,6,10,4,7,23,0,0,77,0,42,60,41,0,0,0,3,0,0,0,13,0,0,4,0,0,0,0,1,1,3024,1,1,0,645,5,43,1,0,1,0,0,7,15,2,32,122,2757,46,54,16,11591,1,54,5,1,1,158,0,0,0,11,0,0,7,22,0,37,0,0,1,3,28,2,1,0,1,33,0,0,0,1,0,864,1,1,3,2,7,32,0,21,24,0,3,24,78,31,140,1,65,9,0,0,0,25,8,0,16,0,3,0,11,0,3,7716,2,2,0,146,359,5,0,9,1,3,8,168,0,13,5,0,1,2,0,0,0,2043,1,4196,2,3,0,0,1,1,0,0,0,2,0,0,0,0,1,0,2,0,0,0,1,0,0,0,0,0,0,0,0,0,0,0,0,0,0,0,0,0,0,0
3/31/20,4,15,44,12,2,0,27,3,1,8,0,2,0,1,4,2,128,5,0,4,5,0,1,705,0,0,6,13,201,1,8,14,1,0,6,8,24,0,1,0,1,0,33,0,31,2,0,0,12,6,8,6,1,2,8,2,2,6,6,13,22,4,3187,4,1,0,1,1,2,0,0,0,3,7,5,0,3,3,0,3,2,1,16,0,8,2,1,6,10,6,8,31,0,0,90,0,51,75,46,1,0,0,4,0,0,0,17,0,0,4,1,0,0,0,1,3,3523,1,1,0,775,5,49,1,0,2,0,0,7,16,2,35,136,2898,50,71,20,12428,1,56,5,2,1,162,0,0,0,12,0,0,8,23,0,43,0,0,1,5,29,4,1,0,2,36,0,0,0,1,0,1039,1,1,3,2,9,39,1,26,30,0,3,30,88,33,160,2,82,17,0,0,0,26,10,0,16,0,3,0,15,0,5,8464,2,2,0,180,433,5,1,10,1,3,10,214,0,17,6,0,1,3,0,0,0,2425,1,5367,2,3,0,0,1,1,0,0,0,2,0,0,0,0,1,0,2,0,0,0,1,1,0,0,0,0,1,0,0,0,0,0,0,0,0,0,0,0,0,0
4/1/20,4,15,58,14,2,0,28,4,1,9,0,2,0,2,4,2,146,5,1,4,6,0,2,828,0,0,7,13,240,1,10,16,1,0,6,9,24,0,1,0,1,0,37,0,33,3,0,0,16,6,8,6,1,2,8,2,2,6,6,13,22,4,3193,4,1,0,1,1,2,0,0,0,3,7,6,0,3,3,0,3,2,1,17,0,9,2,1,6,11,6,9,39,0,0,104,0,57,93,52,1,0,0,5,0,0,0,17,0,0,6,1,0,0,0,1,3,4403,1,1,0,920,5,50,1,0,2,0,0,10,20,2,58,157,3036,52,85,26,13155,3,57,5,3,1,165,0,0,0,14,0,0,8,29,0,45,0,0,1,6,37,5,1,0,2,39,0,0,0,1,1,1173,1,1,5,2,11,44,1,27,30,0,3,38,96,43,187,2,92,24,0,0,0,26,16,1,28,0,3,1,15,0,5,9387,3,2,0,239,488,5,1,12,2,5,12,277,0,20,8,0,1,3,0,1,0,3095,2,6511,2,3,0,0,1,1,0,0,0,2,0,0,0,0,1,0,3,0,0,0,1,1,0,0,0,2,1,0,0,0,0,0,0,0,0,0,0,0,0,0
4/2/20,6,16,86,15,2,0,36,7,1,10,0,4,0,2,5,2,158,5,1,4,6,0,4,1011,0,0,8,16,324,1,10,16,1,0,7,13,31,0,1,0,1,0,53,0,36,3,0,0,18,6,8,6,1,2,8,2,2,6,6,13,22,4,3199,4,1,0,1,1,2,0,0,0,3,7,6,0,3,3,0,3,2,1,19,2,13,2,1,7,11,6,10,44,0,0,123,0,60,120,58,2,0,0,11,0,0,0,19,0,0,6,1,0,0,0,1,3,5387,1,1,0,1107,5,53,1,0,4,0,0,14,21,4,72,170,3160,54,98,36,13915,3,62,5,3,3,169,0,0,0,16,0,0,9,30,0,50,0,0,1,7,50,6,1,0,2,44,0,0,0,1,1,1339,1,1,5,2,11,50,1,34,32,0,3,55,107,57,209,3,115,30,0,0,0,30,21,1,31,0,4,1,17,0,5,10348,4,2,0,308,536,5,1,15,2,5,14,356,0,22,8,0,1,3,0,1,0,3747,4,7938,2,5,0,1,1,1,0,0,0,2,0,0,0,1,1,0,3,0,0,0,1,1,0,0,0,2,1,0,0,0,0,0,0,0,0,0,0,0,0,0
4/3/20,6,17,105,16,2,0,39,7,1,12,0,4,0,2,7,2,168,5,1,4,6,0,4,1143,0,0,9,17,359,1,14,16,1,0,8,13,31,0,2,0,1,0,67,0,61,3,0,0,22,6,8,6,1,2,8,2,2,6,6,13,22,4,3203,4,1,0,1,1,2,0,0,0,3,7,6,0,3,3,0,3,2,1,25,2,13,2,1,8,11,6,11,53,0,0,139,0,68,145,66,2,0,0,12,0,0,0,20,0,0,7,2,0,0,0,1,3,6507,1,1,0,1275,5,63,1,0,4,0,0,15,26,4,72,181,3294,54,120,40,14681,3,63,5,6,4,174,0,1,1,17,0,0,9,31,0,53,0,0,1,7,60,8,1,0,2,48,0,0,0,1,2,1487,1,1,5,4,12,59,1,40,37,0,3,61,136,71,246,3,133,34,0,0,0,30,25,1,39,0,5,1,20,0,9,11198,4,2,1,358,591,5,1,19,3,6,18,425,0,27,9,0,1,4,0,1,0,4461,4,9260,2,7,0,1,1,1,0,0,0,2,0,0,0,1,1,0,3,0,0,0,1,1,0,0,0,2,1,0,0,0,0,0,0,0,0,0,0,0,0,0
4/4/20,7,20,130,17,2,0,43,7,2,12,0,4,0,2,8,2,186,5,4,4,8,0,5,1283,0,0,10,21,445,1,17,16,1,0,9,18,38,0,2,0,1,0,94,0,61,3,0,0,27,6,8,6,1,2,8,2,2,6,6,13,22,4,3207,4,1,0,1,1,2,0,0,0,3,7,6,0,3,3,0,3,2,1,32,2,18,2,1,12,11,6,11,59,0,0,161,0,68,172,71,3,0,0,13,0,0,0,25,0,0,7,2,0,0,0,2,3,7560,1,1,1,1444,5,68,2,0,4,0,0,15,32,4,86,191,3452,56,137,44,15362,3,77,5,5,4,177,1,1,1,17,1,1,11,31,0,57,0,0,1,7,79,12,1,0,2,59,0,0,0,1,4,1651,1,1,8,4,17,62,2,41,41,0,3,73,144,79,266,3,146,43,0,0,0,32,29,2,44,0,6,1,22,0,9,11947,5,2,1,373,666,5,1,20,3,6,18,501,0,32,10,0,1,5,0,1,0,5221,5,10870,2,7,0,1,1,1,0,0,0,2,0,0,0,1,1,0,3,0,0,0,1,1,0,0,0,2,1,0,0,0,0,0,0,0,0,0,0,0,0,0
4/5/20,7,20,152,18,2,0,44,7,2,16,0,4,0,2,8,3,204,7,4,4,9,1,8,1447,0,0,10,23,486,1,20,17,1,0,9,20,38,0,2,0,1,0,119,0,75,3,0,0,34,6,8,6,1,2,8,2,2,6,6,13,22,4,3210,4,1,0,1,1,2,0,0,0,3,7,6,0,3,3,0,3,2,1,35,5,18,2,3,15,11,8,9,67,0,0,179,0,82,180,78,3,0,0,15,0,2,0,28,0,0,7,2,0,0,0,2,4,8078,1,1,2,1584,5,73,2,0,4,1,0,22,34,4,99,198,3603,61,158,49,15887,3,77,5,6,4,183,1,1,1,18,3,1,13,36,0,61,0,0,1,7,94,15,1,0,2,70,0,0,0,1,4,1766,1,1,10,5,18,71,2,47,46,0,3,83,152,94,295,4,151,45,0,0,0,32,34,2,51,0,6,1,28,0,11,12641,5,2,1,401,715,5,1,23,3,7,22,574,0,37,10,0,1,6,0,1,0,5865,6,12375,2,7,0,1,1,1,0,0,0,2,0,0,0,1,1,0,5,0,0,0,1,1,0,0,1,2,1,0,0,0,0,0,0,0,0,0,0,0,0,0
4/6/20,11,21,173,21,2,0,48,8,2,18,0,4,0,2,10,4,220,7,5,4,12,2,13,1632,1,0,11,29,564,1,22,18,1,0,9,23,38,0,2,0,1,0,150,0,121,3,0,0,37,6,8,6,1,2,8,2,2,6,6,13,22,4,3212,4,1,0,1,1,2,0,0,0,3,7,6,0,3,3,0,3,2,1,46,5,18,2,3,16,11,9,9,78,0,0,187,0,86,191,85,4,0,0,19,0,2,0,27,0,0,7,2,0,0,0,2,4,8911,1,1,2,1810,5,79,3,0,4,1,0,22,38,6,136,209,3739,64,174,57,16523,3,85,6,6,6,186,1,4,1,19,3,1,15,41,0,62,0,0,1,7,125,19,1,0,2,80,0,0,0,1,6,1867,1,1,10,5,23,76,2,53,54,0,5,92,163,107,311,4,176,47,0,0,0,32,38,2,58,0,6,2,30,0,12,13341,5,2,1,477,765,5,1,26,3,8,22,649,0,38,11,2,1,7,0,1,0,6433,6,13894,2,7,0,1,1,1,0,0,0,2,0,1,0,1,1,0,5,0,0,0,1,1,0,0,1,2,1,0,0,0,0,0,0,0,0,0,0,0,0,0
4/7/20,14,22,193,22,2,1,56,8,2,21,0,4,1,2,11,4,243,8,6,5,17,3,13,2035,1,0,14,33,686,1,23,19,1,0,9,24,39,0,3,0,1,1,153,0,150,3,0,0,43,6,8,6,1,2,8,2,2,6,6,13,22,4,3212,4,1,0,1,1,2,0,0,0,3,7,6,0,3,3,0,3,2,1,50,5,18,2,3,18,11,11,9,88,0,0,203,0,98,191,94,4,0,0,21,0,2,0,34,0,0,7,2,0,0,0,2,4,10328,1,1,3,2016,5,81,3,0,5,1,0,22,47,6,150,221,3872,65,210,65,17127,3,92,6,6,6,192,1,4,2,19,3,1,15,44,0,63,0,0,1,7,141,22,1,0,2,90,0,0,0,1,6,2101,1,1,11,6,26,89,2,57,55,0,5,107,177,129,345,6,197,58,0,0,0,34,41,2,61,0,6,2,36,0,13,14045,6,2,1,591,821,5,1,27,3,8,23,725,0,45,12,2,1,7,0,1,0,7471,7,16191,2,7,0,1,2,1,0,0,0,2,0,1,0,1,1,0,5,0,0,0,4,1,0,0,1,2,1,0,0,0,1,0,0,0,0,0,0,0,0,0
4/8/20,14,22,205,23,2,2,63,9,2,21,0,4,2,3,12,6,273,8,7,5,20,3,13,2240,1,0,15,34,819,1,24,23,1,0,10,26,43,0,3,0,1,1,153,1,175,3,0,0,48,6,8,6,1,2,8,2,2,6,6,13,22,4,3213,4,1,0,1,1,2,0,0,0,3,7,7,0,3,3,0,3,2,1,54,5,18,3,3,19,11,12,9,99,0,0,218,0,108,242,103,5,0,0,24,0,2,0,40,0,0,8,2,0,0,0,2,6,10869,1,1,3,2349,6,83,3,0,6,1,0,22,58,6,178,240,3993,69,235,73,17669,4,93,6,7,6,200,1,4,2,19,4,1,15,46,0,65,0,1,1,7,174,27,1,0,2,93,0,0,0,1,6,2248,1,1,11,6,29,101,2,61,59,0,5,121,182,159,380,6,220,63,0,0,0,34,41,2,65,0,6,2,40,1,18,14792,7,2,1,687,895,5,1,30,3,8,24,812,0,52,12,3,1,8,0,1,0,8505,7,18270,3,9,0,1,3,1,0,0,0,2,0,1,0,1,1,0,7,0,0,0,5,3,0,0,1,2,1,0,0,0,1,0,0,0,0,0,0,0,0,0
4/9/20,15,23,235,25,2,2,72,10,2,21,0,4,3,3,12,6,295,9,8,5,21,3,16,2523,1,0,18,35,950,1,24,24,1,0,10,29,48,0,3,0,2,1,200,0,216,3,0,0,57,6,8,6,1,2,8,2,2,6,6,13,22,4,3215,4,1,0,1,1,2,0,0,0,3,7,7,0,3,3,0,3,2,1,69,5,18,3,3,20,11,15,10,112,0,0,237,0,118,272,118,6,0,0,24,0,2,0,42,0,0,8,2,0,0,0,2,6,12210,1,1,3,2607,6,87,3,0,6,2,0,23,66,6,226,280,4110,69,263,86,18279,4,94,7,8,7,204,1,4,3,19,4,1,16,52,0,67,0,2,1,7,194,29,1,0,2,97,0,0,0,1,6,2396,1,1,11,7,30,108,3,65,63,0,5,138,203,174,409,6,248,76,0,0,0,34,44,2,66,0,6,2,43,1,18,15447,7,2,1,793,948,5,1,32,3,8,25,908,0,57,14,4,1,8,0,1,0,9608,7,20288,3,9,0,1,3,1,0,0,0,2,0,1,0,1,1,0,7,0,0,0,5,3,0,0,1,2,1,0,0,0,1,0,0,0,0,0,0,0,0,0
4/10/20,15,23,256,26,2,2,82,12,2,22,0,4,3,4,13,6,319,10,8,6,27,4,19,3019,1,0,19,36,1057,1,25,24,1,0,12,32,50,0,3,0,3,2,222,0,241,3,0,0,65,6,8,6,1,2,8,2,2,6,6,13,22,4,3216,4,1,0,1,1,2,0,0,0,3,7,7,0,3,3,0,3,2,1,80,5,20,3,3,21,11,15,10,119,0,0,247,1,126,297,135,6,0,0,24,0,3,0,48,0,0,8,2,0,0,0,2,6,13197,1,1,3,2767,6,92,3,0,6,2,0,23,77,7,246,306,4232,70,287,95,18849,4,99,7,10,7,208,1,5,3,20,5,1,22,54,0,70,0,2,1,9,233,29,1,0,2,107,0,0,0,1,8,2511,2,1,11,7,32,113,3,66,66,0,6,169,221,181,435,6,270,94,0,0,0,34,47,2,71,0,7,2,45,1,24,16081,7,2,1,870,1002,6,3,33,3,8,25,1006,0,69,16,4,1,9,0,1,0,10760,7,22357,3,9,0,2,3,1,0,0,0,2,0,2,0,1,2,0,7,0,0,0,7,3,0,0,1,2,1,0,0,0,1,0,0,0,0,0,0,0,0,0
4/11/20,18,23,275,26,2,2,83,13,2,23,0,5,3,4,14,6,337,11,8,6,30,4,23,3346,1,0,20,37,1124,1,28,27,1,0,12,40,58,0,4,0,3,2,253,0,289,4,0,0,73,6,8,6,1,2,8,2,2,6,6,13,22,4,3219,4,1,0,1,1,2,0,0,0,3,7,7,0,3,3,0,3,2,1,100,5,20,3,4,21,11,16,10,129,0,0,260,2,135,315,146,6,0,0,24,0,3,0,49,0,0,8,3,0,0,0,2,6,13832,1,1,3,2736,8,93,3,0,6,2,0,24,85,8,288,327,4357,72,320,101,19468,4,99,7,10,7,211,1,5,3,20,5,1,23,62,0,73,0,3,1,9,273,30,1,0,2,111,0,0,0,1,9,2643,4,1,11,10,34,119,3,86,74,0,6,181,247,208,470,6,291,106,0,0,0,35,52,2,74,0,8,2,50,1,25,16606,7,2,1,887,1036,6,3,35,3,8,28,1101,0,73,20,4,1,9,0,2,0,11599,7,24366,4,9,0,2,3,1,0,0,0,2,0,2,0,1,2,0,7,0,0,0,7,3,0,0,1,2,1,0,0,0,2,0,0,0,0,0,0,0,0,0
4/12/20,18,23,293,29,2,2,90,13,2,24,0,5,4,5,14,6,350,11,8,6,34,4,26,3600,1,0,24,39,1223,1,29,27,1,0,12,40,58,0,4,0,3,2,274,0,328,4,0,0,80,6,8,6,1,2,8,2,2,6,6,13,22,4,3219,4,1,0,1,1,2,0,0,0,3,7,7,0,3,3,0,3,2,1,109,5,20,3,5,23,11,18,11,138,0,0,273,2,173,333,159,6,0,0,25,0,3,0,56,0,0,8,3,0,0,0,2,6,14393,1,1,3,3022,8,98,5,0,6,3,0,25,99,8,331,373,4474,76,334,103,19899,4,108,7,10,8,214,1,5,5,20,5,1,23,66,0,76,0,3,1,9,296,31,1,0,3,118,0,0,0,1,9,2737,4,1,12,10,34,128,4,91,79,0,6,193,297,232,504,7,316,130,0,0,0,35,59,2,80,0,8,2,53,1,25,17209,7,2,1,899,1106,6,3,38,3,8,31,1198,0,83,22,4,1,9,0,2,0,12285,7,26086,4,9,0,2,3,1,0,0,0,2,0,2,0,1,2,0,9,0,0,0,7,4,0,0,1,2,1,0,0,0,2,0,0,0,0,0,0,0,0,0
4/13/20,21,23,313,29,2,2,97,14,2,25,0,5,4,5,14,6,368,12,8,6,39,4,29,3903,1,0,27,39,1328,1,32,27,1,0,12,46,69,0,4,0,3,3,291,0,360,4,0,0,82,6,8,6,1,2,8,2,2,6,6,13,22,4,3221,4,1,0,1,1,2,0,0,0,3,7,7,0,3,3,0,3,2,1,112,5,20,3,6,25,11,21,12,143,0,0,285,2,177,355,164,6,0,0,28,0,3,0,59,0,0,8,3,0,0,0,2,6,14967,1,1,3,3194,8,99,5,0,6,3,0,25,109,8,358,399,4585,78,365,116,20465,4,123,7,12,9,217,2,5,5,20,6,1,24,69,0,77,0,3,1,9,332,35,1,0,3,126,0,0,0,1,9,2823,5,1,12,10,38,134,4,93,87,0,6,216,315,245,535,7,331,148,0,0,0,35,65,2,85,0,9,2,55,2,27,17756,7,4,1,919,1138,6,3,40,3,8,34,1296,0,93,25,5,1,9,0,2,0,13029,8,27870,4,9,0,2,3,1,0,0,0,2,0,2,0,1,2,0,10,0,0,0,7,4,0,0,1,2,1,1,0,0,2,0,0,0,0,0,0,0,0,0
4/14/20,23,24,326,31,2,2,102,16,2,25,0,5,4,6,14,6,384,13,8,7,46,4,33,4157,1,0,28,40,1532,1,35,30,1,0,14,48,69,0,4,0,3,3,334,0,435,4,0,0,92,6,8,6,1,2,8,2,2,6,6,13,22,4,3221,4,1,0,1,1,2,0,0,0,3,7,7,0,3,3,0,3,2,1,127,5,20,3,6,31,12,21,12,161,0,0,299,2,183,369,178,6,0,0,31,0,3,0,64,0,0,8,3,0,0,0,2,6,15712,1,1,3,3294,8,101,5,0,6,3,0,26,122,8,393,459,4683,78,406,123,21067,4,143,7,14,9,222,3,5,5,21,6,1,29,67,0,82,0,3,1,9,406,40,1,0,4,126,0,0,0,1,9,2945,9,1,14,11,44,139,4,96,94,0,7,230,335,263,567,7,351,170,0,0,0,36,73,2,94,0,10,2,56,2,27,18056,7,5,1,1033,1174,6,3,41,3,8,34,1403,0,98,28,5,1,13,0,2,0,14073,8,30262,4,9,0,2,3,1,0,0,0,2,0,2,0,1,2,0,13,0,0,0,8,4,0,0,1,2,1,1,0,0,2,0,0,0,0,0,0,0,0,0
4/15/20,25,25,336,33,2,2,111,17,3,25,0,5,4,6,14,6,393,13,8,7,50,5,36,4440,1,0,28,41,1736,1,36,32,1,0,17,48,72,0,5,0,3,3,385,0,487,4,0,0,94,6,8,6,1,2,8,2,2,6,6,13,22,4,3222,4,1,0,1,1,2,0,0,0,3,7,7,0,3,3,0,3,2,1,131,5,21,4,6,33,12,24,12,166,0,0,309,2,189,388,183,6,0,0,35,0,3,0,72,0,0,8,3,0,0,0,2,8,17148,1,1,3,3804,8,102,5,1,6,3,0,31,134,8,405,469,4777,79,444,130,21645,5,146,7,16,10,225,3,5,5,21,6,1,30,69,0,83,0,3,1,9,449,46,3,0,4,127,0,0,1,1,9,3134,9,1,14,12,45,150,4,111,95,0,8,254,349,286,599,7,372,198,0,0,0,36,79,2,99,0,10,6,61,5,34,18708,7,5,1,1203,1239,6,4,43,3,8,35,1518,0,108,33,5,1,15,0,4,0,14915,9,32760,4,9,0,2,3,1,0,0,0,2,0,2,0,1,2,0,13,0,0,0,8,4,0,0,1,2,1,1,0,0,2,0,0,0,0,0,0,0,0,0
4/16/20,30,26,348,33,2,3,115,18,3,25,0,5,4,6,14,6,410,15,8,7,60,5,40,4857,1,0,29,43,1924,1,38,32,1,0,22,48,75,0,5,0,3,3,490,0,630,4,0,0,105,6,8,6,1,2,8,2,2,6,6,13,22,4,3222,4,1,0,1,1,2,0,0,0,3,7,7,0,3,3,0,3,2,1,144,5,22,4,6,35,12,27,12,169,0,0,321,2,196,403,196,6,0,0,36,1,3,0,75,0,0,8,3,0,0,0,2,8,17901,1,1,3,4052,8,105,5,1,6,3,0,35,142,8,448,496,4869,80,486,142,22170,5,178,7,17,11,229,3,5,5,21,6,1,32,69,0,84,0,3,1,9,486,54,3,0,4,130,0,0,2,1,9,3315,9,1,14,13,46,152,4,128,103,0,8,274,362,314,629,7,392,232,0,0,0,38,83,2,103,0,10,8,61,5,48,19315,7,5,1,1333,1281,6,4,46,5,8,37,1643,0,116,35,5,1,19,0,4,0,15944,9,34844,4,9,0,2,3,1,0,0,0,2,0,2,0,1,2,0,13,0,0,0,11,4,0,0,1,2,1,1,0,0,2,0,0,0,0,0,0,0,0,0
4/17/20,30,26,364,35,2,3,123,19,3,26,0,5,4,7,14,7,431,15,9,7,75,5,42,5163,1,0,31,46,2141,1,41,35,1,0,22,50,77,0,5,0,3,4,524,0,688,4,0,0,116,6,8,6,1,2,8,2,2,6,6,13,22,4,4512,4,1,0,1,1,2,0,0,0,3,7,7,0,3,3,0,3,2,1,153,6,23,4,6,36,13,31,12,173,0,0,336,2,200,421,205,7,0,0,38,1,3,0,82,0,0,8,4,0,0,0,2,8,18661,1,1,3,4352,8,108,7,3,6,3,0,41,156,9,486,520,4958,81,530,151,22745,5,190,7,17,11,230,5,5,5,21,7,1,33,72,0,86,0,3,1,9,546,56,3,0,5,135,0,0,2,1,9,3459,11,1,18,17,49,161,6,135,109,0,8,300,387,332,657,7,411,273,0,0,0,39,87,2,110,0,11,9,66,6,50,20002,7,6,1,1400,1327,6,5,47,5,8,37,1769,0,125,37,5,1,20,0,4,0,16879,9,37428,4,9,0,2,3,1,0,0,0,2,0,2,0,1,2,0,13,0,0,0,12,4,0,0,1,2,1,1,0,0,2,0,0,0,0,0,0,0,0,0
4/18/20,30,26,367,35,2,3,129,20,3,26,0,6,4,7,14,7,443,18,9,7,84,5,45,5453,1,0,31,47,2354,1,41,36,1,0,22,51,78,0,5,0,3,7,564,0,688,4,0,0,126,6,8,6,1,2,8,2,2,6,6,13,22,4,4512,4,1,0,1,1,2,0,0,0,3,7,7,0,3,3,0,3,2,1,153,6,25,4,8,39,13,32,12,181,0,0,346,2,217,456,224,7,0,0,38,1,3,0,90,0,0,8,4,0,0,0,2,8,19303,1,1,4,4459,9,110,7,3,6,3,0,46,172,9,521,535,5031,82,571,164,23227,5,222,7,17,12,232,6,5,5,21,7,1,33,72,0,88,0,3,1,9,650,57,3,0,5,137,0,0,2,1,9,3601,11,2,19,19,49,164,6,143,116,0,8,348,397,347,687,8,421,313,0,0,0,39,92,3,117,0,11,11,70,7,52,20043,7,10,1,1511,1368,6,5,47,5,8,37,1890,0,133,37,5,1,21,0,6,0,17994,9,39775,5,9,0,2,3,1,0,0,0,2,0,2,0,1,2,0,13,0,0,0,12,5,0,0,1,2,1,1,0,0,2,0,0,0,0,0,0,0,0,0
4/19/20,33,26,375,36,2,3,132,20,3,26,0,6,4,7,14,7,452,19,9,7,91,5,47,5683,1,0,32,48,2462,1,42,36,1,0,42,51,81,0,5,0,3,9,591,0,820,4,0,0,133,6,8,6,1,2,8,2,2,6,6,13,22,4,4512,4,1,0,1,1,2,0,0,0,3,7,7,0,3,3,0,3,2,1,179,6,25,5,9,47,13,34,12,186,0,0,355,2,226,474,239,7,0,0,40,1,3,0,94,0,0,8,4,0,0,0,2,12,19694,1,1,4,4586,9,113,7,5,7,3,0,46,189,9,559,582,5118,82,610,172,23660,5,236,7,17,14,234,7,5,5,21,8,1,35,73,0,89,0,3,1,9,686,67,3,0,5,141,0,0,2,1,10,3684,12,2,20,21,51,165,7,168,120,0,8,400,409,360,714,8,451,361,0,0,0,39,97,3,122,0,11,12,74,7,54,20453,7,10,1,1540,1393,6,7,47,5,8,38,2017,0,141,41,5,1,21,0,6,0,18492,10,40945,5,9,0,3,3,1,0,0,0,3,0,2,0,1,2,0,14,0,0,0,12,5,0,1,1,2,1,1,0,0,2,0,0,0,0,0,0,0,0,0
4/20/20,36,26,384,37,2,3,136,22,3,26,0,6,4,7,14,7,470,19,9,7,101,5,51,5828,1,0,33,49,2587,1,43,38,1,0,42,59,82,0,6,0,3,9,624,0,939,4,0,0,139,6,8,6,1,2,8,2,2,6,6,13,22,4,4512,4,1,0,1,1,2,0,0,0,3,7,7,0,3,3,0,3,2,1,189,6,25,6,9,47,13,36,12,194,0,0,364,2,235,507,250,7,0,0,40,1,3,0,98,1,0,8,4,0,0,0,2,12,20240,1,1,4,4862,9,116,7,5,7,3,0,46,199,10,592,590,5209,82,687,177,24114,5,236,7,19,14,236,9,7,5,21,8,1,37,75,0,89,0,3,1,9,712,70,3,0,5,143,0,0,2,1,10,3751,12,2,20,22,54,181,7,176,126,0,8,445,428,380,735,9,478,405,0,0,0,39,103,5,125,0,11,13,77,8,58,20852,7,12,1,1580,1429,6,10,47,6,8,38,2140,0,151,43,5,1,24,0,9,0,19051,10,42686,5,9,0,3,3,1,0,0,0,3,0,2,0,1,2,0,14,0,0,0,15,5,0,1,1,2,1,1,0,0,2,0,0,0,0,0,0,0,0,0
4/21/20,36,26,392,37,2,3,147,24,3,26,0,6,4,7,14,7,491,20,9,7,110,5,55,5998,1,0,34,51,2741,1,45,38,1,0,43,61,87,0,6,0,3,10,694,0,1044,4,0,0,147,6,8,6,1,2,8,2,2,6,6,13,22,4,4512,4,1,0,1,1,2,0,0,0,3,7,7,0,3,3,0,3,2,1,196,6,25,6,13,48,13,38,12,201,0,0,370,2,245,520,264,7,0,0,43,1,3,0,141,1,0,12,4,0,0,0,2,14,20765,1,1,4,5033,9,121,7,6,7,3,0,46,213,10,645,616,5297,83,730,184,24648,6,263,7,19,14,237,11,7,9,21,8,1,38,78,0,92,0,3,1,9,857,72,3,0,5,145,0,0,2,1,10,3916,13,2,20,22,55,182,8,201,136,0,8,484,437,401,762,9,498,456,0,0,0,40,109,5,130,0,11,14,77,8,58,21282,7,12,1,1765,1478,6,10,48,6,8,38,2259,0,161,46,5,1,24,0,9,0,20223,12,45086,6,10,0,3,3,1,0,0,0,3,0,2,0,1,2,0,14,0,0,0,18,5,0,1,1,2,1,1,0,0,2,0,0,0,0,0,0,0,0,0
4/22/20,40,27,402,37,2,3,152,24,3,26,0,6,4,7,14,7,510,20,9,7,120,5,58,6262,1,0,37,53,2906,1,49,39,1,0,43,66,90,0,6,0,3,12,762,0,1134,4,0,0,160,6,8,6,1,2,8,2,2,6,6,13,22,4,4512,4,1,0,1,1,2,0,0,0,3,7,7,0,3,3,0,3,2,1,206,6,25,6,14,48,13,40,13,208,0,0,384,2,260,537,276,7,1,0,44,1,3,0,149,1,0,12,4,0,0,0,2,14,21309,1,1,5,5279,9,121,8,6,7,4,0,46,225,10,681,635,5391,83,769,189,25085,6,281,7,19,14,238,13,7,11,22,8,1,38,80,0,93,0,3,1,9,970,75,3,0,5,149,0,0,2,1,11,4054,14,2,22,28,56,187,8,212,141,0,9,530,446,426,785,10,524,513,0,0,0,40,114,6,134,0,12,14,79,8,65,21717,7,13,1,1937,1509,6,10,49,6,8,38,2376,0,174,52,5,1,28,0,15,0,21060,12,47412,7,10,0,3,4,1,0,0,0,3,0,2,0,1,2,0,17,0,0,0,18,5,0,1,1,2,1,1,0,0,3,0,0,0,0,0,0,0,0,0
4/23/20,42,27,407,37,2,3,165,24,3,31,0,6,4,8,16,7,522,20,11,8,127,6,60,6490,1,0,43,54,3331,1,52,41,1,0,43,68,94,0,6,0,3,16,806,0,1243,4,0,0,168,6,8,6,1,2,8,2,2,6,6,13,22,4,4512,4,1,0,1,1,2,0,0,0,3,7,7,0,3,3,0,3,2,1,215,6,25,6,14,50,13,43,13,210,0,0,394,2,265,560,287,8,1,0,45,1,3,0,172,1,0,12,4,0,0,0,2,14,21825,2,1,5,5575,9,125,11,6,7,5,0,47,239,10,721,647,5481,83,794,192,25549,6,328,7,20,14,240,14,8,11,22,8,1,40,83,0,95,0,3,1,9,1069,80,4,0,5,155,0,0,2,1,12,4177,17,3,24,31,56,194,9,237,146,0,9,572,462,454,820,10,545,555,0,0,0,40,121,6,139,0,12,15,79,16,75,22157,7,16,1,2021,1549,6,10,50,6,8,38,2491,0,187,56,5,1,29,0,16,0,21787,12,49724,7,10,0,3,4,1,0,0,0,3,0,2,0,2,2,0,21,0,0,0,19,5,0,1,1,2,1,1,1,0,3,0,0,0,0,0,0,0,0,0
4/24/20,43,27,415,40,2,3,176,27,3,33,0,6,4,9,16,8,530,21,11,8,131,6,63,6679,1,0,44,55,3704,1,54,41,1,0,43,72,98,0,6,0,3,16,862,0,1340,4,0,0,174,6,8,6,1,2,8,2,2,6,6,13,22,4,4512,4,1,0,1,1,2,0,0,0,3,7,7,0,3,3,0,3,2,1,225,6,25,6,14,51,13,49,14,214,0,0,403,2,267,576,294,8,1,0,46,1,3,0,177,1,0,12,4,0,0,0,3,14,22214,3,1,5,5760,10,130,11,6,7,5,0,55,262,10,780,689,5574,86,1014,194,25969,7,345,7,25,14,240,15,8,12,22,8,1,40,85,0,96,0,3,1,9,1221,84,4,0,6,158,0,0,2,1,12,4289,18,3,24,32,57,199,10,253,154,0,9,634,477,494,854,10,567,615,0,0,0,40,127,7,144,0,12,17,80,16,79,22524,7,16,1,2152,1589,6,10,51,6,8,38,2600,0,201,64,5,1,34,0,18,1,22792,12,51493,8,10,0,3,4,1,0,0,0,3,0,2,0,2,2,0,21,0,0,0,19,5,0,1,1,2,1,1,2,0,3,0,0,0,0,0,0,0,0,0
4/25/20,47,27,419,40,2,3,185,28,3,33,0,6,4,10,16,8,536,21,11,8,140,6,67,6917,1,0,46,57,4057,1,55,41,1,0,53,73,100,0,6,0,3,22,916,0,1446,4,0,0,181,6,8,6,1,2,8,2,2,6,6,13,22,4,4512,4,1,0,1,1,2,0,0,0,3,7,7,0,3,3,0,3,2,1,233,6,28,6,14,54,13,51,14,218,0,0,418,2,273,576,307,8,1,0,46,1,3,0,186,1,0,12,4,0,0,0,3,14,22583,3,1,5,5877,10,130,13,7,7,6,0,59,262,10,825,720,5650,86,1063,199,26384,7,360,7,25,14,242,19,8,12,24,11,1,41,85,0,98,0,4,1,9,1305,94,4,0,6,159,0,0,2,1,12,4409,18,3,27,35,59,201,10,269,159,0,9,700,494,524,880,10,601,681,0,0,0,40,136,7,151,0,12,17,81,18,86,22902,7,17,1,2192,1599,6,10,51,6,8,38,2706,0,201,71,5,1,35,0,18,1,23635,14,53755,8,10,0,3,4,1,0,0,0,3,0,2,0,2,2,0,21,0,0,0,20,5,0,1,1,2,1,1,2,0,3,0,0,0,0,0,0,0,0,0
4/26/20,50,28,425,40,2,3,192,28,3,34,0,6,4,11,17,8,542,21,11,8,145,6,72,7094,1,0,50,59,4286,1,56,42,1,0,56,73,100,0,6,0,3,24,960,0,1516,4,0,0,189,6,9,6,1,2,8,2,2,6,6,13,22,4,4512,4,1,0,1,1,2,0,0,0,3,7,7,0,3,3,0,3,2,1,244,6,28,6,14,55,13,54,14,220,0,0,422,2,278,576,317,8,1,0,49,1,3,0,190,1,0,12,4,0,0,0,3,14,22825,3,1,6,5976,11,134,15,7,8,6,0,59,272,10,881,743,5710,87,1087,201,26644,7,372,7,25,14,243,20,8,12,24,12,1,41,88,0,98,0,4,1,9,1351,96,4,0,7,161,0,0,2,1,13,4475,19,3,29,40,61,201,10,281,165,0,9,728,501,535,903,10,619,747,0,0,0,41,139,9,156,0,12,18,82,23,87,23190,7,21,1,2194,1610,6,10,51,6,8,38,2805,0,209,76,5,1,35,0,18,1,24055,15,54881,8,10,0,3,4,1,0,0,0,3,0,2,0,2,2,1,23,0,0,0,21,5,0,1,1,2,1,1,4,0,3,0,0,0,0,0,0,0,0,0
4/27/20,57,28,432,40,2,3,197,29,3,34,0,6,4,11,17,8,549,22,11,8,152,6,75,7207,1,0,53,60,4603,1,58,42,1,0,58,75,104,0,6,0,3,24,1023,0,1600,5,0,0,198,6,9,6,1,2,8,2,2,6,6,13,22,4,4512,4,1,0,1,1,2,0,0,0,3,7,7,0,3,3,0,3,2,1,253,6,28,6,14,59,13,56,15,223,0,0,427,2,282,663,337,8,1,0,50,1,3,0,193,1,0,12,4,0,0,0,3,14,23262,3,1,6,6126,11,136,15,7,8,6,0,61,280,10,939,765,5806,88,1102,204,26977,7,385,7,25,14,244,22,8,13,24,12,1,41,88,0,99,0,4,1,10,1434,102,4,0,7,162,0,0,2,1,13,4518,19,3,29,40,65,205,10,292,167,0,9,782,511,562,928,10,641,794,0,0,0,41,144,9,162,0,14,18,83,26,90,23521,7,22,1,2274,1665,6,10,52,6,8,39,2900,0,220,82,6,1,35,0,20,1,24393,15,56219,8,10,0,3,4,1,0,0,0,3,0,2,0,2,2,1,23,0,0,0,22,5,0,1,1,2,1,1,4,0,3,0,0,0,0,0,0,0,0,0
4/28/20,58,30,437,41,2,3,207,30,3,39,0,6,4,11,18,8,569,22,11,8,155,6,79,7331,1,0,55,63,5083,1,58,42,1,0,58,80,106,0,6,0,3,27,1072,0,1683,5,0,2,207,6,9,6,1,2,8,2,2,6,6,13,22,4,4512,4,1,0,1,1,2,0,0,0,3,7,7,0,3,3,0,3,2,1,269,8,30,6,14,63,13,58,15,227,0,0,434,2,286,871,359,8,1,0,50,1,3,0,199,1,0,12,4,0,0,0,3,14,23629,3,1,6,6314,16,138,15,7,8,6,0,64,291,10,1008,773,5877,90,1159,210,27359,7,394,8,25,14,246,23,8,13,24,16,1,44,89,0,100,0,4,1,10,1569,103,4,0,7,165,0,0,2,1,13,4566,19,3,31,44,71,206,10,312,167,0,9,854,530,596,948,10,663,867,0,0,0,41,152,9,168,0,14,20,86,28,93,23822,7,25,1,2355,1699,6,10,54,6,8,40,2992,0,239,89,6,1,36,0,21,1,25302,15,58355,8,10,0,3,4,1,0,0,0,3,0,2,0,2,2,1,24,0,0,0,22,5,0,1,1,2,1,1,4,0,3,0,0,0,0,0,0,0,0,0
4/29/20,60,30,444,42,2,3,214,30,3,40,0,6,4,12,18,8,580,23,11,8,163,7,84,7501,1,0,59,65,5513,1,64,43,1,0,61,87,109,0,6,0,3,28,1153,0,1762,6,0,2,216,6,9,6,1,2,8,2,2,6,6,13,22,4,4512,4,1,0,1,1,2,0,0,0,3,7,7,0,3,3,0,3,2,1,278,8,30,6,14,67,13,58,15,227,0,0,443,2,293,883,380,9,1,0,50,1,3,0,206,1,0,12,4,0,0,0,3,14,24056,3,1,6,6467,16,139,16,7,8,6,0,66,300,10,1079,784,5957,92,1190,215,27682,7,413,8,25,15,247,24,8,15,24,16,1,45,89,0,100,1,4,1,10,1732,111,4,0,7,168,0,0,2,1,13,4711,19,3,32,51,73,207,10,343,178,0,9,943,558,624,973,10,693,972,0,0,0,41,157,9,173,0,14,22,89,28,103,24275,7,28,1,2462,1716,6,16,54,7,8,40,3081,0,250,98,6,1,38,0,21,1,26097,15,60967,9,10,0,3,4,1,0,0,0,3,0,2,0,2,2,1,25,0,0,0,22,6,0,1,1,2,1,1,4,0,3,0,0,0,0,0,0,0,0,0
4/30/20,64,31,450,42,2,3,218,32,3,41,0,6,4,13,18,8,584,24,11,8,168,7,89,7594,1,0,62,69,6006,1,66,43,1,0,61,90,111,0,6,0,3,28,1205,0,1859,7,0,5,227,6,9,6,1,2,8,2,2,6,6,13,22,4,4512,4,1,0,1,1,2,0,0,0,3,7,7,0,3,3,0,3,2,1,293,9,31,6,14,69,13,61,15,236,0,0,452,2,301,900,392,10,1,0,52,1,3,0,211,1,0,12,4,0,0,0,3,14,24345,3,1,6,6623,17,140,16,7,9,8,0,71,312,10,1154,792,6028,93,1232,222,27967,8,430,8,25,17,248,26,8,15,24,16,1,45,90,0,102,1,4,1,10,1859,116,4,0,7,170,0,0,2,1,13,4795,19,3,32,58,77,210,11,385,188,0,10,1051,568,644,989,10,717,1073,0,0,0,41,162,9,179,0,15,23,91,28,103,24543,7,31,1,2586,1737,6,16,54,9,8,41,3174,0,261,105,6,1,40,0,21,1,26771,17,62996,9,16,0,3,4,1,0,0,0,3,0,2,0,3,2,1,26,0,0,0,22,6,0,1,1,2,1,1,7,0,3,0,0,0,0,0,2,0,0,0
5/1/20,68,31,453,43,2,3,225,33,3,41,0,6,4,13,18,8,589,25,11,8,170,7,93,7703,2,0,66,70,6412,1,68,44,1,0,61,92,112,0,6,0,3,29,1265,0,2022,7,0,5,234,6,9,6,1,2,8,2,2,6,6,13,22,4,4512,4,1,0,1,1,2,0,0,0,3,7,7,0,3,3,0,3,2,1,314,9,32,6,15,75,13,64,15,240,0,0,460,2,313,1063,406,10,1,0,52,1,3,0,218,1,0,12,4,0,0,0,3,14,24563,3,1,7,6736,17,140,16,7,9,8,0,75,323,10,1223,800,6091,94,1265,225,28236,8,455,8,25,21,250,30,8,16,24,18,1,45,92,0,103,1,4,1,10,1972,122,4,0,7,171,0,0,2,1,13,4893,20,3,33,68,81,210,11,417,192,0,10,1124,579,651,1007,12,744,1169,0,0,0,41,169,9,179,0,16,23,92,28,116,24543,7,36,1,2653,1754,6,16,54,9,8,41,3258,0,272,111,6,1,41,0,22,1,27510,17,64943,9,10,0,3,4,1,0,0,0,3,0,2,0,3,2,1,26,0,0,0,22,6,0,1,1,2,1,1,7,0,3,0,0,0,0,1,2,0,0,0
5/2/20,72,31,459,44,2,3,237,33,3,42,0,6,4,13,18,8,596,25,11,8,175,7,97,7765,2,0,71,72,6761,1,72,44,2,0,64,94,114,0,6,0,3,31,1292,0,2136,7,0,10,247,6,9,6,1,2,8,2,2,6,6,13,22,4,4512,4,1,0,1,1,2,0,0,0,3,7,7,0,3,3,0,3,2,1,324,9,33,6,15,77,13,66,15,245,0,0,475,2,326,1371,415,11,1,0,53,1,3,0,220,1,0,12,4,0,0,0,3,14,24729,5,1,8,6812,18,143,17,7,9,8,0,76,335,10,1323,831,6156,95,1286,229,28710,8,474,9,25,22,250,33,8,16,25,18,1,46,92,0,103,1,4,1,10,2061,124,4,0,8,173,0,0,2,1,13,4987,20,3,35,85,82,211,12,440,197,0,10,1200,603,664,1023,12,771,1222,0,0,0,41,176,9,189,0,17,24,94,31,123,25100,7,41,1,2669,1762,6,16,54,9,8,42,3336,0,279,119,7,1,41,0,22,1,28131,17,66369,9,10,0,3,4,1,0,0,0,3,0,2,0,3,2,1,26,0,0,0,22,6,0,1,1,2,1,1,8,0,3,0,0,0,0,1,2,0,2,0
5/3/20,85,31,463,45,2,3,246,35,3,42,0,6,4,13,18,9,598,25,11,8,177,7,99,7844,2,0,76,77,7051,1,73,45,2,0,64,95,114,0,6,0,3,37,1326,0,2206,7,0,10,260,6,9,6,1,2,8,2,2,6,6,13,22,4,4512,4,1,0,1,1,2,0,0,0,3,7,7,0,3,3,0,3,2,1,340,9,33,6,17,79,13,67,15,248,0,0,484,2,333,1564,429,11,1,0,55,1,3,0,230,1,0,12,6,0,0,0,3,14,24864,5,1,9,6866,18,144,17,7,9,9,0,82,340,10,1391,845,6203,97,1303,232,28884,9,487,9,27,24,252,38,10,16,25,18,1,46,96,0,105,1,4,1,10,2154,125,4,0,8,174,0,0,2,1,13,5056,20,5,36,87,84,211,12,457,197,0,10,1286,607,678,1043,12,790,1280,0,0,0,41,184,9,193,0,18,24,96,32,131,25264,7,41,1,2679,1762,6,16,54,9,8,42,3397,0,288,126,7,1,41,0,22,1,28446,17,67682,10,10,0,3,4,1,0,0,0,3,0,2,0,3,2,1,27,0,0,0,22,6,0,1,1,2,1,1,8,0,3,0,0,0,0,1,2,0,2,0
5/4/20,90,31,465,45,2,3,260,39,3,43,0,6,4,13,18,9,600,26,11,8,182,7,103,7924,2,0,82,78,7367,1,78,46,2,0,64,104,117,0,6,0,3,38,1446,0,2281,7,0,10,270,6,9,6,1,2,8,2,2,6,6,13,22,4,4512,4,1,0,1,1,2,0,0,0,3,7,7,0,3,3,0,3,2,1,358,10,34,6,17,80,13,69,15,252,0,0,493,2,346,1569,436,13,3,0,55,1,3,0,240,1,0,12,6,0,0,0,3,14,25168,6,1,9,6993,18,146,19,9,9,11,0,83,351,10,1566,864,6277,98,1319,235,29079,9,536,9,29,24,254,40,10,16,25,18,1,46,96,0,105,1,4,1,10,2271,132,4,0,8,179,0,0,2,1,13,5082,20,5,37,93,85,214,12,476,200,0,10,1344,623,698,1063,12,818,1356,0,0,0,41,191,10,197,0,18,25,97,35,138,25428,8,41,1,2769,1784,6,16,54,9,8,43,3461,0,303,137,7,1,41,0,23,1,28734,17,68922,10,10,0,3,4,1,0,0,0,3,0,2,0,3,2,1,29,0,0,0,26,6,0,1,1,2,1,1,9,0,3,0,0,0,0,3,2,0,3,0
5/5/20,95,31,470,46,2,3,264,40,3,44,0,6,4,13,18,9,606,26,11,8,183,7,107,8016,2,0,86,79,7938,1,80,48,2,0,64,106,121,0,7,0,3,41,1505,0,2399,7,0,17,275,6,9,6,1,2,8,2,2,6,6,13,22,4,4512,4,1,0,1,1,2,0,0,0,3,7,7,0,3,3,0,3,2,1,378,10,34,6,18,83,13,69,15,257,0,0,503,2,354,1569,452,14,3,0,55,1,4,0,246,1,0,12,9,0,0,0,3,14,25498,6,1,9,6993,18,146,19,10,10,12,0,93,363,10,1693,872,6340,102,1339,238,29315,9,556,9,29,24,255,40,11,17,25,20,1,46,96,0,106,2,5,1,10,2507,136,4,0,8,181,0,0,2,1,14,5168,21,5,38,98,86,215,13,514,210,0,10,1444,637,716,1074,12,841,1451,0,0,0,41,200,11,200,0,18,25,98,38,148,25613,9,45,1,2854,1795,6,16,54,9,8,43,3520,0,316,146,7,1,40,0,23,1,29427,17,71064,10,10,0,3,4,1,0,0,0,3,0,2,0,3,2,1,32,0,0,0,26,6,0,1,1,2,1,1,11,0,3,0,0,0,0,3,4,0,5,0
5/6/20,104,31,476,46,2,3,273,40,3,44,0,6,4,13,18,9,608,28,11,8,186,7,112,8339,2,0,91,86,8588,1,84,48,2,0,108,112,124,0,7,0,3,41,1560,0,2511,7,0,17,281,6,9,6,1,2,8,2,2,6,6,13,22,4,4512,4,1,0,1,1,2,0,0,0,3,7,7,0,3,3,0,3,2,1,397,10,35,6,18,85,13,69,15,262,0,0,506,3,362,1618,469,15,4,0,55,2,4,0,252,1,0,13,9,0,0,0,3,14,25772,6,1,9,7275,18,147,21,11,10,12,0,99,373,10,1785,895,6418,102,1375,239,29684,9,556,9,30,26,256,42,12,17,25,20,1,48,98,0,107,2,5,1,10,2704,143,4,0,8,183,0,0,2,1,14,5204,21,5,38,103,88,216,13,564,218,0,10,1533,658,733,1089,12,864,1537,0,0,0,41,209,12,203,0,20,25,99,39,153,25857,9,49,1,2941,1805,6,16,55,9,8,43,3584,0,327,157,7,1,40,0,23,1,30076,17,73455,10,10,0,4,4,1,0,0,0,3,0,2,0,3,2,2,32,0,0,0,26,6,0,1,1,2,1,1,14,0,3,0,0,0,0,3,5,1,8,0
5/7/20,106,31,483,47,2,3,282,42,3,44,0,6,4,13,18,9,609,28,11,8,199,7,116,8415,2,0,102,90,9190,1,84,48,2,0,108,114,126,0,7,0,3,44,1607,0,2632,7,0,27,285,6,9,6,1,2,8,2,2,6,6,13,22,4,4512,4,1,0,1,1,2,0,0,0,3,7,7,0,3,3,0,3,2,1,407,10,36,6,20,86,13,73,15,270,0,0,514,3,373,1654,482,15,4,0,56,2,4,0,255,1,0,13,10,0,0,0,3,14,25949,8,1,9,7392,18,148,23,11,10,12,0,105,383,10,1889,930,6486,102,1403,240,29958,9,577,9,30,29,256,44,12,18,25,20,1,49,100,0,107,3,5,1,10,2961,145,4,0,8,183,0,0,3,1,14,5288,21,5,42,107,89,217,15,585,225,0,10,1627,685,755,1105,12,888,1625,0,0,0,41,219,13,206,0,20,26,99,44,161,26070,9,52,1,3040,1810,6,16,55,9,8,44,3641,0,340,165,7,1,40,0,23,1,30615,17,75662,10,10,0,4,4,1,0,0,0,3,0,2,0,3,2,2,32,0,0,0,27,6,0,1,1,2,1,1,16,0,3,0,0,0,0,4,5,1,12,0
5/8/20,109,31,488,47,2,3,293,43,3,44,0,6,4,13,18,9,614,28,11,8,206,7,121,8521,2,0,106,98,10017,1,86,48,2,0,108,115,127,0,7,0,3,46,1665,0,2726,7,0,28,294,6,9,6,1,2,8,2,2,6,6,13,22,4,4512,4,1,0,1,1,2,0,0,0,3,7,7,0,3,3,0,3,2,1,428,10,39,6,20,86,13,74,15,273,0,0,522,3,380,1704,503,16,4,0,56,2,4,0,260,1,0,13,10,0,0,0,3,14,26192,8,1,10,7510,18,150,24,11,10,12,0,107,392,10,1985,943,6541,104,1429,245,30201,9,590,9,31,29,256,47,12,18,26,20,1,49,100,0,107,3,5,1,10,3160,150,4,0,8,186,0,0,3,1,14,5359,21,5,44,117,90,218,16,599,231,0,10,1714,696,776,1114,12,923,1723,0,0,0,41,229,13,209,0,20,26,100,44,178,26299,9,59,1,3175,1823,6,21,55,10,8,45,3689,0,361,174,7,1,41,0,23,1,31241,18,77180,10,10,0,4,4,1,0,0,0,3,0,2,0,3,2,2,35,0,0,0,27,6,0,1,1,2,1,1,17,0,3,0,0,0,0,5,7,1,12,0
5/9/20,115,31,494,48,2,3,300,44,3,44,0,6,4,13,18,9,615,31,11,8,214,7,126,8581,2,0,114,102,10656,1,90,48,2,0,108,116,129,0,7,0,3,47,1726,0,2787,7,0,31,304,6,9,6,1,2,8,2,2,6,6,13,22,4,4512,4,1,0,1,1,2,0,0,0,3,7,7,0,3,3,0,3,2,1,445,10,39,6,21,87,13,74,15,276,0,0,526,3,385,1717,514,17,4,0,60,2,5,0,265,1,0,13,11,0,0,0,3,14,26271,8,1,10,7549,22,151,24,11,10,12,0,108,405,10,2101,959,6589,107,1446,247,30395,9,607,9,31,30,256,49,12,18,26,20,1,49,101,0,108,3,5,1,10,3353,161,4,0,8,186,0,0,3,1,15,5422,21,5,45,128,91,219,17,636,237,0,10,1814,704,785,1126,13,939,1827,0,0,0,41,239,17,215,0,20,26,101,48,186,26478,9,64,1,3220,1830,6,21,56,10,8,45,3739,0,376,185,7,1,41,0,23,1,31587,18,78795,10,10,0,7,4,1,0,0,0,3,0,2,0,3,2,3,37,0,0,0,28,6,0,1,1,2,1,1,18,0,3,0,0,0,0,5,7,1,20,0
5/10/20,120,31,502,48,2,3,305,45,3,44,0,6,4,13,18,9,618,32,11,8,228,7,131,8656,2,0,118,107,11123,1,91,49,2,0,114,117,129,0,7,0,3,47,1751,0,2929,7,0,31,312,6,9,6,1,2,8,2,2,6,6,13,22,4,4512,4,1,0,1,1,2,0,0,0,3,7,7,0,3,3,0,3,2,1,463,10,41,7,21,90,13,77,16,280,0,0,529,3,388,2127,525,17,4,0,60,2,5,0,267,1,0,13,11,0,0,0,3,14,26341,8,1,10,7569,22,151,26,11,10,15,0,108,413,10,2212,973,6640,109,1458,252,30560,9,624,9,31,32,256,58,12,18,26,20,1,50,101,0,108,3,5,1,10,3465,169,4,0,9,188,0,0,3,1,15,5440,21,5,46,143,91,219,17,659,244,0,10,1889,719,800,1135,14,961,1915,0,0,0,41,246,19,215,0,20,26,102,51,194,26621,9,70,1,3225,1833,6,21,56,11,8,45,3786,0,391,198,7,1,41,0,23,1,31855,19,79526,10,10,0,7,4,1,0,0,0,3,0,2,0,3,2,3,38,0,0,0,28,6,0,1,1,2,1,1,18,0,3,0,0,0,0,5,8,1,20,0
5/11/20,122,31,507,48,2,3,314,46,3,44,0,6,4,13,18,9,620,32,11,8,239,7,135,8707,2,0,122,113,11653,1,93,50,2,0,125,117,130,0,7,0,3,48,1788,0,3014,7,0,31,323,6,9,6,1,2,8,2,2,6,6,13,22,4,4512,4,1,0,1,1,2,0,0,0,3,7,7,0,3,3,0,3,2,1,479,11,41,7,21,91,13,77,16,282,0,0,533,3,393,2145,533,18,4,0,61,2,5,0,271,1,0,13,11,0,0,0,3,14,26604,9,1,11,7661,22,151,26,11,10,16,0,116,421,10,2294,991,6685,110,1467,258,30739,9,633,9,32,33,258,65,12,18,26,20,1,50,101,0,109,3,5,1,10,3573,175,4,0,9,188,0,0,3,1,15,5456,21,5,46,150,91,224,17,706,249,0,10,1961,726,811,1144,14,982,2009,0,0,0,41,255,19,218,0,21,26,102,52,206,26744,9,74,1,3256,1845,7,21,56,11,8,45,3841,0,408,201,8,1,41,0,23,1,32065,19,80682,10,10,0,7,4,1,0,0,0,3,0,2,0,3,2,3,39,0,0,0,28,6,0,1,1,2,1,1,19,0,3,0,0,0,0,5,9,1,21,0
5/12/20,127,31,515,48,2,3,319,47,3,45,0,6,4,13,18,9,623,33,11,9,250,7,142,8761,2,0,128,117,12461,1,95,51,2,0,125,118,132,0,7,0,3,48,1852,0,3132,7,0,40,335,6,9,6,1,2,8,2,2,6,6,13,22,4,4512,4,1,0,1,1,2,0,0,0,3,7,7,0,3,3,0,3,2,1,493,11,44,7,21,91,13,78,16,283,0,0,527,3,402,2327,544,20,4,0,61,2,5,0,275,1,0,13,12,0,0,0,3,14,26951,9,1,11,7738,22,152,27,11,10,16,0,121,425,10,2415,1007,6733,112,1488,260,30911,9,657,9,32,36,259,75,12,18,26,20,1,50,102,0,109,3,5,1,10,3926,182,4,0,9,188,0,0,3,1,15,5510,21,8,47,158,92,228,17,737,252,0,10,2057,751,839,1163,14,1002,2116,0,0,0,41,264,19,220,0,21,27,102,52,206,26920,9,80,1,3313,1867,7,21,56,11,8,45,3894,0,425,203,8,1,42,0,23,1,32692,19,82356,10,10,0,7,4,1,0,0,0,3,0,2,0,3,2,3,40,0,0,0,29,6,0,1,1,2,1,1,19,0,3,0,0,0,0,5,10,1,21,0
5/13/20,132,31,522,49,2,3,329,48,3,45,0,6,4,13,18,9,624,35,11,10,269,7,146,8843,2,0,142,120,13240,1,96,51,2,0,136,120,132,0,7,0,3,51,1883,0,3221,7,0,42,346,6,9,6,1,2,8,2,2,6,6,13,22,4,4512,4,1,0,1,1,2,0,0,0,3,7,7,0,3,3,0,3,2,1,509,11,50,8,24,94,13,79,17,290,0,0,533,3,409,2334,556,20,6,0,61,2,5,0,284,1,0,13,14,0,0,0,3,14,27032,9,1,11,7861,24,155,29,14,10,18,0,123,430,10,2551,1028,6783,115,1497,264,31106,9,678,9,32,40,260,82,12,19,26,20,1,54,103,0,111,4,6,2,10,4220,185,4,0,9,188,0,0,3,1,15,5562,21,8,49,164,95,229,17,761,256,0,11,2169,772,861,1175,14,1036,2212,0,0,0,41,273,21,222,0,21,27,103,52,219,27104,9,90,1,3460,1870,7,21,56,11,8,45,3952,0,439,206,8,1,43,0,23,1,33186,19,84119,11,10,0,7,4,1,0,0,0,3,0,2,0,3,2,3,44,0,0,0,29,6,0,1,1,2,1,1,26,0,3,0,0,0,0,6,12,1,23,0
5/14/20,136,31,529,49,2,3,353,49,3,45,0,6,4,13,18,9,626,35,11,10,283,7,151,8903,2,0,152,122,13999,1,99,51,2,0,139,121,135,0,7,0,3,51,1915,0,3352,7,0,46,368,6,9,6,1,2,8,2,2,6,6,13,22,4,4512,4,1,0,1,1,2,0,0,0,3,7,7,0,3,3,0,3,2,1,525,15,50,8,24,94,13,79,17,293,0,0,537,3,422,2338,571,23,7,0,62,2,5,0,287,1,0,13,16,0,0,0,3,14,27381,10,1,12,7884,24,156,29,15,10,20,0,133,436,10,2649,1043,6854,115,1506,265,31368,9,697,9,32,42,260,88,12,19,26,20,1,54,103,0,112,4,6,2,10,4477,194,4,0,9,190,0,0,3,1,15,5590,21,8,50,167,95,232,18,770,260,0,11,2267,790,883,1184,14,1053,2305,0,0,0,41,283,23,224,0,21,27,103,53,238,27321,9,90,1,3529,1872,7,21,56,11,8,45,4007,0,456,208,9,1,43,0,23,1,33614,19,85898,11,10,0,7,4,1,0,0,0,3,0,2,0,3,2,3,46,0,0,0,29,6,0,1,1,2,1,1,26,0,3,0,0,0,0,7,12,1,29,0
5/15/20,153,31,536,49,2,3,356,52,3,45,0,6,4,13,18,9,628,36,11,12,298,7,156,8959,2,0,164,128,14962,1,102,51,2,0,140,125,140,0,7,0,3,55,1939,0,3402,7,0,48,394,6,9,6,1,2,8,2,2,6,6,13,22,4,4512,4,1,0,1,1,2,0,0,0,3,7,7,0,3,3,0,3,2,1,546,15,50,9,24,95,13,79,17,295,0,0,537,4,424,2594,592,25,7,0,63,2,5,0,293,1,0,13,16,0,0,0,3,14,27485,10,1,12,7897,28,160,30,15,10,20,0,134,442,10,2753,1076,6902,117,1518,266,31610,9,713,9,34,45,262,96,14,19,26,20,1,54,104,0,112,4,6,3,10,4767,202,4,0,9,190,0,0,3,1,15,5643,21,8,51,171,97,232,20,834,266,0,11,2392,806,907,1190,14,1070,2418,0,0,0,41,292,25,225,0,21,27,103,53,247,27459,9,91,1,3646,1878,7,21,56,11,8,45,4055,0,476,210,9,1,43,0,24,1,33998,19,87530,11,10,0,7,4,1,0,0,0,3,0,2,0,3,2,3,46,0,0,0,29,6,0,1,1,2,1,1,27,0,3,0,0,4,0,7,15,1,33,0
5/16/20,168,31,542,51,2,3,363,55,3,45,0,6,4,13,18,9,629,36,11,12,314,7,160,9005,2,0,165,129,15662,1,105,51,3,0,140,126,141,0,7,0,3,55,1976,0,3484,7,0,50,421,6,9,6,1,2,8,2,2,6,6,13,22,4,4512,4,1,0,1,2,2,0,0,0,3,7,7,0,3,3,0,3,2,1,562,15,61,10,25,95,13,79,17,296,0,0,543,4,428,2688,612,26,7,0,63,2,5,0,297,1,0,13,18,0,0,0,3,14,27483,11,1,12,7938,29,162,33,16,10,20,0,138,448,10,2871,1089,6937,121,1533,268,31763,9,725,9,34,50,262,107,14,19,26,20,1,55,104,0,113,4,6,4,10,5045,207,4,0,9,192,0,1,3,1,15,5670,21,8,51,176,98,232,21,834,269,0,11,2523,817,915,1203,15,1094,2537,0,0,0,41,302,25,228,0,22,28,103,55,261,27563,9,97,1,3674,1879,7,21,56,11,8,45,4096,0,497,214,9,1,43,0,24,1,34466,19,88754,11,10,0,7,4,1,0,0,0,3,0,2,0,3,2,4,48,0,0,0,29,6,0,1,1,2,1,1,29,0,3,0,0,4,0,7,18,1,36,0
5/17/20,169,31,548,51,2,3,373,60,3,46,0,6,4,13,18,9,629,39,11,12,328,7,165,9052,2,0,169,133,16118,1,108,51,3,0,140,127,141,0,7,0,3,55,1999,0,3563,7,0,53,450,6,9,6,1,2,8,2,2,6,6,13,22,4,4512,4,1,0,1,2,2,0,0,0,3,7,7,0,3,3,0,3,2,1,574,15,61,10,27,95,13,79,17,298,0,0,547,4,428,2736,630,30,7,0,63,2,5,0,298,1,0,13,18,0,0,0,3,14,28062,11,1,12,7962,29,163,33,16,10,20,0,142,451,10,3025,1148,6988,123,1543,272,31908,9,744,9,34,50,263,112,14,19,26,21,1,56,107,1,113,4,6,4,10,5177,211,4,0,9,192,0,2,3,1,15,5680,21,8,54,182,101,232,22,873,275,0,11,2648,824,925,1218,15,1107,2631,0,0,0,41,312,25,230,0,22,28,104,56,264,27563,9,97,1,3679,1881,7,21,56,11,8,45,4140,0,514,220,9,1,43,0,24,1,34636,20,89562,12,10,0,7,4,1,0,0,0,3,0,2,0,3,2,4,52,0,0,0,29,6,0,1,1,2,1,1,32,0,3,0,0,4,0,7,20,1,39,0
5/18/20,173,31,555,51,3,3,382,61,3,46,0,6,4,13,18,9,629,40,11,12,349,7,171,9080,2,0,174,133,16853,1,110,51,3,0,140,128,143,0,7,0,3,55,2019,0,3597,7,0,53,478,6,9,6,1,2,8,2,2,6,6,13,22,4,4512,4,1,0,1,2,2,0,0,0,3,7,7,0,3,3,0,3,2,1,592,15,61,10,28,95,13,79,17,297,0,0,548,7,434,2799,645,30,7,0,64,2,5,0,300,1,0,13,18,0,0,0,3,14,28193,11,1,12,8003,29,165,35,16,10,21,0,146,462,10,3156,1191,7057,127,1547,276,32007,9,749,9,35,50,263,118,14,19,26,22,1,59,107,1,113,4,6,4,10,5332,217,4,0,9,192,0,2,3,1,15,5694,21,8,55,191,104,233,25,903,279,0,11,2789,831,936,1231,15,1120,2722,0,0,0,41,320,26,231,0,22,28,104,57,286,27709,9,105,1,3698,1886,7,21,56,12,8,46,4171,0,535,224,9,1,43,0,24,1,34796,20,90347,13,10,0,7,4,1,0,0,0,3,0,2,0,3,2,4,52,0,0,0,29,6,0,1,1,2,1,1,33,0,3,0,0,4,0,7,20,1,41,0
5/19/20,178,31,561,51,3,3,393,64,3,47,0,6,4,13,18,9,632,41,11,12,370,7,175,9108,2,0,189,134,17983,1,112,51,3,0,140,128,146,0,7,0,3,56,2032,0,3648,7,0,56,509,6,9,6,1,2,8,2,2,6,6,13,22,4,4512,4,1,0,1,2,2,0,0,0,3,7,7,0,3,3,0,3,2,1,613,15,61,10,28,96,13,79,17,302,0,0,551,7,441,2839,659,30,7,0,64,2,5,0,301,1,0,13,18,0,0,0,3,14,27976,12,1,12,8081,31,165,43,18,10,21,0,147,467,10,3302,1221,7119,131,1561,278,32169,9,768,9,35,50,263,121,14,21,26,23,1,60,109,2,114,4,6,4,10,5666,221,4,0,9,193,0,2,3,1,15,5715,21,17,55,192,106,233,27,939,281,0,11,2914,837,948,1247,15,1137,2837,0,0,0,41,329,30,234,0,22,28,104,59,312,27778,9,111,1,3743,1891,7,21,56,12,8,47,4199,0,548,227,9,1,44,0,24,1,35341,20,91921,13,10,0,7,4,1,0,0,0,3,0,2,0,3,2,6,53,0,0,0,29,6,0,1,1,2,1,1,33,0,3,0,0,4,0,8,28,1,41,0
5/20/20,187,31,568,51,3,3,403,67,3,47,0,6,4,13,18,9,633,43,11,12,386,7,179,9150,2,0,199,136,18859,1,116,52,3,0,146,128,149,0,7,0,3,57,2079,0,3719,7,0,57,544,6,9,6,1,2,8,2,2,6,6,13,22,4,4512,4,1,0,1,2,2,0,0,0,3,7,7,0,3,3,0,3,2,1,630,15,61,10,29,96,13,79,17,304,0,0,554,9,446,2888,680,31,7,0,64,2,5,0,304,1,0,13,19,0,1,0,3,14,28084,12,1,12,8144,31,166,45,18,10,22,0,147,470,10,3434,1242,7183,134,1571,279,32330,9,768,9,35,50,264,124,14,21,26,23,1,60,109,2,114,4,6,4,10,6090,228,4,0,9,194,0,2,3,1,15,5748,21,17,58,200,110,234,30,985,287,0,11,3024,842,962,1263,16,1147,2972,0,0,0,41,339,30,235,0,22,28,105,61,339,27888,9,111,1,3831,1892,7,21,56,12,8,47,4222,0,564,233,9,1,45,0,24,1,35704,20,93439,13,10,0,7,4,1,0,0,0,3,0,2,0,3,2,6,55,0,0,0,29,6,0,1,1,2,1,1,34,0,3,0,0,4,0,8,30,1,41,0
5/21/20,193,31,575,51,3,3,416,70,3,48,0,6,4,13,18,9,633,44,11,12,408,7,185,9186,3,0,215,140,20047,1,120,52,3,0,156,132,152,0,7,0,3,58,2106,0,3801,7,0,58,589,6,9,6,1,2,8,2,2,6,6,13,22,4,4512,4,1,0,1,2,2,0,0,0,3,7,7,0,3,3,0,3,2,1,652,16,61,10,29,97,13,80,17,306,0,0,561,10,448,2939,696,33,10,0,64,2,5,0,306,1,0,13,19,0,1,0,3,14,28167,12,1,12,8203,31,168,48,18,10,25,0,156,473,10,3584,1278,7249,140,1583,279,32486,9,777,9,35,50,264,129,14,22,26,23,1,61,109,2,114,4,6,5,10,6510,233,4,0,9,196,0,3,3,1,15,5775,21,17,60,211,111,235,31,1017,291,0,11,3148,846,972,1277,17,1156,3099,0,0,0,41,351,33,237,0,23,28,106,61,369,27940,9,121,1,3871,1898,7,21,56,12,8,47,4249,0,579,237,9,1,45,0,24,1,36042,20,94702,13,10,0,7,4,1,0,0,0,3,0,2,0,3,2,6,60,0,0,0,29,6,0,1,1,2,1,1,35,0,3,0,0,4,0,8,33,1,44,0
5/22/20,205,31,582,51,3,3,433,74,3,48,0,6,4,13,18,9,635,46,11,12,432,7,190,9212,3,0,230,141,21048,1,125,52,3,0,159,134,155,0,7,0,3,58,2129,0,3866,7,0,58,630,6,9,6,1,2,8,2,2,6,6,13,22,4,4512,4,1,0,1,2,2,0,0,0,3,7,7,0,3,3,0,3,2,1,682,16,63,10,29,99,13,81,17,312,0,0,561,10,456,3056,707,33,11,0,64,2,5,0,306,1,0,13,19,0,1,0,3,14,28241,12,1,12,8228,31,169,51,19,10,25,0,167,476,10,3726,1326,7300,147,1592,279,32616,9,796,9,35,50,266,138,14,22,26,24,1,61,109,2,115,4,6,6,10,6989,237,4,0,9,197,0,3,3,1,15,5788,21,17,60,221,112,235,34,1067,295,0,11,3244,857,982,1289,19,1166,3249,0,0,0,41,364,33,237,0,23,28,106,61,397,28628,9,137,1,3925,1903,7,21,56,12,8,47,4276,0,588,241,9,1,45,0,24,1,36393,20,95978,13,10,0,7,4,1,0,0,0,4,0,2,0,3,2,6,62,0,0,0,29,6,0,1,1,2,1,1,38,0,3,0,0,6,0,8,33,1,44,0
5/23/20,216,31,592,51,4,3,445,77,3,48,0,6,4,13,19,9,639,49,11,13,452,7,194,9237,3,0,240,141,22013,1,126,52,3,0,159,135,157,0,7,0,3,58,2157,0,3941,7,1,60,673,6,9,6,1,2,8,2,2,6,6,13,22,4,4512,4,1,0,1,2,2,0,0,0,3,7,7,0,3,3,0,3,2,1,705,16,63,10,30,99,13,81,17,314,0,0,561,10,458,3096,735,33,11,0,64,2,5,0,306,1,0,13,19,0,1,0,3,14,28284,12,1,12,8261,31,171,55,20,10,26,0,167,482,10,3868,1351,7359,152,1604,279,32735,9,808,9,35,50,266,148,14,22,26,26,1,63,109,2,115,4,6,6,10,7179,242,4,0,9,198,0,3,3,1,15,5811,21,17,61,221,113,235,36,1101,299,0,11,3373,863,993,1302,21,1176,3388,0,0,0,42,379,34,238,0,23,28,106,61,407,28678,9,146,1,3992,1905,7,21,56,12,8,48,4308,0,605,244,9,1,45,0,24,1,36675,22,97086,13,10,0,7,4,1,0,0,0,4,0,2,0,3,3,6,63,0,0,0,29,6,0,1,1,2,1,1,39,0,3,0,0,8,0,8,39,1,44,0
5/24/20,218,32,600,51,4,3,452,81,3,48,0,6,4,13,19,9,640,49,11,14,480,7,199,9280,3,0,250,144,22666,1,130,52,3,0,165,135,157,0,7,0,3,58,2181,0,3985,7,1,60,718,6,9,6,1,2,8,2,2,6,6,13,22,4,4512,4,1,0,1,2,2,0,0,0,3,7,7,0,3,3,0,3,2,1,727,16,63,10,30,99,13,82,17,315,0,0,562,10,458,3108,764,35,11,0,64,2,5,0,307,1,0,14,20,0,1,0,3,14,28317,12,1,12,8283,32,171,58,20,10,26,0,180,486,10,4024,1372,7417,160,1608,279,32785,9,820,9,35,51,267,156,14,22,26,26,1,63,110,2,115,4,6,6,10,7394,250,4,0,9,199,0,3,3,1,15,5822,21,17,61,226,113,235,37,1133,306,0,11,3456,868,996,1316,23,1185,3541,0,0,0,42,390,35,238,0,23,28,107,61,429,28752,9,165,1,3998,1906,7,21,56,12,8,48,4340,0,617,245,9,1,45,0,24,1,36793,22,97719,13,10,0,7,4,1,0,0,0,4,0,2,0,3,3,6,65,0,0,0,29,6,0,1,1,2,1,1,40,0,4,0,0,8,0,8,42,1,46,0
5/25/20,219,32,609,51,4,3,467,87,3,48,0,6,4,13,19,9,641,51,11,14,501,7,204,9312,3,0,261,146,23473,1,130,52,3,0,165,138,161,0,7,0,3,58,2210,0,4070,7,1,61,761,6,9,6,1,2,8,2,2,6,6,13,22,4,4512,4,1,0,1,2,2,0,0,0,3,7,7,0,3,3,0,3,2,1,750,16,67,10,30,100,13,82,17,317,0,0,563,14,460,3203,783,35,12,0,65,2,5,0,308,1,0,14,20,0,1,0,3,14,28407,14,1,12,8309,32,172,59,20,11,27,0,182,491,10,4172,1391,7451,163,1606,281,32877,9,830,9,35,52,269,165,16,22,26,26,1,63,110,2,115,4,6,9,10,7633,261,4,0,9,200,0,4,3,1,15,5830,21,17,62,233,113,235,37,1167,310,0,11,3629,873,1007,1330,26,1205,3633,0,0,0,42,399,35,239,0,23,28,107,66,481,26834,10,170,1,4029,1913,7,21,57,13,8,48,4369,0,623,248,9,1,45,0,24,1,36914,22,98219,13,10,0,7,4,1,0,0,1,4,0,2,0,3,3,7,67,0,0,0,30,6,0,1,1,2,1,1,42,0,4,0,0,8,0,11,44,1,46,0
5/26/20,220,33,617,51,4,3,484,91,3,48,0,7,4,13,19,9,643,52,11,14,522,7,208,9334,3,0,274,149,24512,1,130,52,4,0,175,139,161,0,7,0,3,59,2235,0,4140,8,1,62,806,6,9,6,1,2,8,2,2,6,6,13,22,4,4512,4,1,0,1,2,2,0,0,0,3,7,7,0,3,3,0,3,2,1,776,16,68,10,30,101,13,82,17,317,0,0,563,14,468,3203,797,36,12,0,65,2,6,0,312,1,0,14,20,0,1,0,3,14,28480,14,1,12,8372,34,173,63,20,11,33,0,188,499,10,4344,1418,7508,169,1615,281,32955,9,846,9,37,52,269,172,16,22,26,26,1,65,110,2,115,5,6,13,10,8134,267,4,0,9,202,0,4,3,1,15,5856,21,35,63,249,116,235,37,1197,313,0,11,3788,886,1024,1342,28,1216,3807,0,0,0,42,411,36,239,0,23,28,108,67,524,27117,10,170,1,4125,1915,7,21,57,13,8,48,4397,0,644,253,9,1,45,0,24,1,37048,22,98912,14,11,0,7,4,1,0,0,1,4,0,2,0,3,3,7,70,0,0,0,30,6,0,1,1,2,1,1,44,0,4,0,0,8,1,12,49,1,47,0
5/27/20,227,33,623,51,4,3,500,98,3,48,0,7,4,13,19,9,645,54,11,15,544,7,214,9364,3,0,280,151,25598,2,133,53,4,0,175,141,162,0,7,0,3,59,2264,0,4229,10,1,64,841,6,9,6,1,2,8,2,2,6,6,13,22,4,4512,4,1,0,1,2,2,0,0,0,3,7,7,0,3,3,0,3,2,1,803,19,68,10,31,101,13,82,17,317,0,0,565,18,474,3275,816,39,12,0,66,2,6,0,313,1,0,14,20,0,1,0,3,14,28546,14,1,12,8428,34,173,68,20,11,34,0,194,505,10,4534,1473,7564,175,1631,281,33072,9,858,9,37,55,269,175,16,23,26,27,1,66,110,2,115,5,7,16,10,8597,274,4,0,9,202,0,4,3,1,15,5871,22,35,63,254,119,235,39,1225,315,0,11,3983,904,1028,1356,30,1227,3968,0,0,0,42,425,38,240,0,23,28,108,67,552,27117,10,195,1,4220,1917,7,21,57,13,8,48,4431,0,658,255,9,1,45,0,24,1,37460,22,100417,14,11,0,7,4,1,0,0,1,4,0,2,0,4,3,7,70,0,0,0,30,6,0,1,1,2,1,1,45,0,4,0,0,10,1,12,53,2,47,0
5/28/20,235,33,630,51,4,3,508,113,3,48,0,7,4,13,19,9,668,56,11,15,559,7,219,9388,3,0,293,153,26754,2,134,53,4,0,175,143,164,0,7,0,3,59,2292,0,4303,10,1,65,890,6,9,6,1,2,8,2,2,6,6,13,22,4,4512,4,1,0,1,2,2,0,0,0,3,7,7,0,3,3,0,3,2,1,833,19,69,10,32,102,13,82,17,319,0,0,568,20,485,3313,845,39,12,0,66,2,7,0,313,1,0,14,21,0,1,0,3,14,28611,14,1,12,8470,34,175,80,22,11,34,0,196,509,10,4711,1496,7627,179,1639,284,33142,9,881,9,37,58,269,185,16,24,26,27,1,68,110,2,115,5,7,19,10,9044,282,4,0,9,202,0,5,3,1,15,5903,22,35,64,259,121,236,40,1260,320,0,11,4099,921,1038,1369,33,1235,4142,0,0,0,42,441,39,241,0,23,28,108,72,577,27119,10,195,1,4266,1919,7,21,57,13,8,48,4461,0,669,258,9,1,45,0,24,1,37837,22,101616,14,11,0,7,4,1,0,0,2,4,0,2,0,5,3,8,72,0,0,0,30,6,0,1,1,2,1,1,45,0,4,0,0,10,1,12,57,2,47,0
5/29/20,246,33,638,51,4,3,520,120,3,48,0,7,4,13,19,9,668,58,11,15,582,7,224,9430,3,0,300,153,27878,2,136,53,4,0,177,143,164,0,7,0,3,59,2313,0,4363,10,1,65,944,6,9,6,1,2,8,2,2,6,6,13,22,4,4512,4,1,0,1,2,2,0,0,0,3,7,7,0,3,3,0,3,2,1,855,19,69,10,32,103,13,82,17,319,0,0,568,20,488,3334,879,42,12,0,67,2,8,0,314,1,0,14,21,0,1,0,3,14,28663,15,1,12,8504,34,175,90,22,11,35,0,196,517,10,4980,1520,7677,185,1645,284,33229,9,887,9,37,62,269,194,16,24,26,27,1,68,110,5,115,5,9,20,10,9415,288,4,0,9,202,0,6,3,1,15,5931,22,35,64,261,126,236,40,1317,326,0,11,4230,942,1051,1383,36,1248,4374,0,0,0,42,458,41,242,0,23,28,108,72,611,27121,10,233,1,4350,1919,7,21,57,13,8,48,4489,0,679,260,9,1,45,0,24,1,38161,22,102809,14,14,0,7,4,1,0,0,2,4,0,2,0,5,3,8,73,0,0,0,30,6,0,1,1,2,1,1,45,0,4,0,0,10,1,12,65,2,47,0
5/30/20,249,33,646,51,4,3,528,127,3,48,0,7,4,13,19,9,668,61,11,17,610,7,229,9453,3,0,310,153,28834,2,139,53,4,0,191,143,164,0,7,0,3,60,2332,0,4439,10,1,65,997,6,9,6,1,2,8,2,2,6,6,13,22,4,4512,4,1,0,1,2,2,0,0,0,3,7,7,0,3,3,0,3,2,1,891,19,69,10,33,103,13,83,17,319,0,0,571,22,498,3334,913,46,12,0,67,2,8,0,316,1,0,14,21,0,1,0,3,14,28720,17,1,12,8530,35,175,102,23,12,41,0,201,524,10,5185,1573,7734,195,1651,284,33340,9,894,9,38,63,270,205,16,24,26,27,1,70,110,6,115,5,9,20,10,9779,291,4,0,9,204,0,6,3,1,15,5951,22,35,64,273,131,236,42,1395,330,0,11,4371,950,1061,1396,36,1259,4555,1,0,0,42,480,42,242,0,23,28,108,73,643,27125,10,262,1,4395,1919,7,21,57,13,8,48,4515,0,696,262,9,1,45,0,24,1,38376,22,103776,14,14,0,7,4,1,0,0,2,4,0,2,0,5,3,8,76,0,0,0,30,6,0,1,1,2,1,1,46,0,4,0,0,10,1,12,77,2,47,0
5/31/20,257,33,653,51,4,3,539,131,3,48,0,7,4,13,19,9,668,63,11,19,650,7,235,9467,3,0,313,153,29314,2,140,53,4,0,191,143,164,0,7,0,3,60,2344,0,4641,11,2,65,1054,6,9,6,1,2,8,2,2,6,6,13,22,4,4512,4,1,0,1,2,2,0,0,0,3,7,7,0,3,3,0,3,2,1,916,20,72,10,33,103,13,83,17,320,0,0,574,24,502,3358,959,46,12,0,68,2,11,0,320,1,0,14,21,0,1,0,3,14,28751,17,1,12,8540,36,175,108,23,12,44,0,212,526,10,5408,1613,7797,205,1652,285,33415,9,898,9,40,64,271,212,16,24,27,27,1,70,110,6,115,5,9,23,10,9930,295,4,0,9,205,0,8,3,1,15,5956,22,35,64,287,133,236,49,1483,336,0,11,4506,957,1064,1410,38,1266,4693,1,0,0,42,503,42,243,0,23,28,108,78,683,27127,10,286,1,4395,1920,7,21,57,13,8,48,4540,0,708,264,9,1,45,0,24,1,38489,22,104381,15,14,0,7,4,1,0,0,2,5,0,2,0,5,3,8,77,0,0,0,30,6,0,1,1,2,1,1,46,0,4,0,0,10,1,12,80,2,47,0
